SALESORDERID,CUSTID,HISTORY.CREATEDBY.EMPLOYEEID,HISTORY.CREATEDAT,HISTORY.CHANGEDBY.EMPLOYEEID,HISTORY.CHANGEDAT,NOTEID,PARTNER.PARTNERID,CURRENCY,GROSSAMOUNT,NETAMOUNT,TAXAMOUNT,LIFECYCLESTATUS,BILLINGSTATUS,DELIVERYSTATUS
500000000,2000380721,24,2015-01-01,1,2015-01-15,,100000000,EUR,26581.03,22337,4244.03,X,I,I
500000001,2000380722,32,2015-01-02,20,2015-01-16,,100000002,EUR,9417.66,7914,1503.66,N,I,I
500000002,2000380723,5,2015-01-03,6,2015-01-17,,100000005,EUR,5631.08,4732,899.08,P,I,D
500000003,2000380724,33,2015-01-04,19,2015-01-18,,100000006,EUR,1405.39,1181,224.39,N,I,I
500000004,2000380725,22,2015-01-05,28,2015-01-19,,100000006,EUR,761.24,639.7,121.54,C,P,D
500000005,2000380726,6,2015-01-06,23,2015-01-20,,100000008,EUR,101299.22,85125.4,16173.82,X,I,I
500000006,2000380727,6,2015-01-07,5,2015-01-21,,100000003,EUR,250.73,210.7,40.03,X,I,I
500000007,2000380728,21,2015-01-08,13,2015-01-22,,100000004,EUR,10549.35,8865,1684.35,C,P,D
500000008,2000380729,13,2015-01-09,5,2015-01-23,,100000009,EUR,195.16,164,31.16,X,I,I
500000009,2000380730,31,2015-01-10,22,2015-01-24,,100000000,EUR,3972.22,3338,634.22,P,P,I
500000010,2000380730,23,2015-01-11,2,2015-01-25,,100000002,EUR,3598.92,3024.3,574.62,N,I,I
500000011,2000380732,2,2015-01-12,27,2015-01-26,,100000004,EUR,325.94,273.9,52.04,P,P,I
500000012,2000380733,26,2015-01-13,5,2015-01-27,,100000005,EUR,24395,20500,3895,P,I,D
500000013,2000380734,19,2015-01-14,2,2015-01-28,,100000006,EUR,5527.55,4645,882.55,P,I,D
500000014,2000380735,6,2015-01-15,8,2015-01-29,,100000006,EUR,3459.33,2907,552.33,P,I,I
500000015,2000380736,23,2015-01-16,19,2015-01-30,,100000008,EUR,852.04,716,136.04,X,I,I
500000016,2000380737,26,2015-01-17,20,2015-01-31,,100000004,EUR,1916.5,1610.5,306,N,I,I
500000017,2000380738,31,2015-01-18,9,2015-02-01,,100000005,EUR,178.14,149.7,28.44,P,P,D
500000018,2000380739,3,2015-01-19,17,2015-02-02,,100000002,EUR,871.55,732.4,139.15,C,P,D
500000019,2000380740,12,2015-01-20,31,2015-02-03,,100000009,EUR,1028.15,864,164.15,N,I,I
500000020,2000380741,18,2015-01-21,17,2015-02-04,,100000000,EUR,5523.38,4641.5,881.88,N,I,I
500000021,2000380742,6,2015-01-22,9,2015-02-05,,100000002,EUR,187.54,157.6,29.94,P,P,D
500000022,2000380743,18,2015-01-23,13,2015-02-06,,100000006,EUR,521.22,438,83.22,N,I,I
500000023,2000380744,32,2015-01-24,32,2015-02-07,,100000008,EUR,411.5,345.8,65.7,C,P,D
500000024,2000380745,24,2015-01-25,18,2015-02-08,,100000005,EUR,11552.52,9708,1844.52,P,P,D
500000025,2000380746,18,2015-01-26,15,2015-02-09,,100000003,EUR,26581.03,22337,4244.03,C,P,D
500000026,2000380747,14,2015-01-27,28,2015-02-10,,100000003,EUR,9417.66,7914,1503.66,N,I,I
500000027,2000380748,17,2015-01-28,14,2015-02-11,,100000003,EUR,5631.08,4732,899.08,C,P,D
500000028,2000380749,16,2015-01-29,28,2015-02-12,,100000008,EUR,1405.39,1181,224.39,C,P,D
500000029,2000380750,27,2015-01-30,23,2015-02-13,,100000004,EUR,761.24,639.7,121.54,N,I,I
500000030,2000380751,32,2015-01-31,26,2015-02-14,,100000006,EUR,101299.22,85125.4,16173.82,P,I,D
500000031,2000380752,30,2015-02-01,17,2015-02-15,,100000004,EUR,250.73,210.7,40.03,C,P,D
500000032,2000380753,31,2015-02-02,29,2015-02-16,,100000006,EUR,10549.35,8865,1684.35,N,I,I
500000033,2000380754,5,2015-02-03,31,2015-02-17,,100000009,EUR,195.16,164,31.16,N,I,I
500000034,2000380755,26,2015-02-04,1,2015-02-18,,100000000,EUR,107100,90000,17100,N,I,I
500000035,2000380756,2,2015-02-05,12,2015-02-19,,100000002,EUR,4415.73,3710.7,705.03,P,P,I
500000036,2000380757,13,2015-02-06,23,2015-02-20,,100000003,EUR,325.94,273.9,52.04,X,I,I
500000037,2000380758,12,2015-02-07,7,2015-02-21,,100000005,EUR,24220.07,20353,3867.07,P,P,D
500000038,2000380759,27,2015-02-08,32,2015-02-22,,100000006,EUR,4499.87,3781.4,718.47,C,P,D
500000039,2000380760,15,2015-02-09,31,2015-02-23,,100000006,EUR,2727.24,2291.8,435.44,C,P,D
500000040,2000380761,27,2015-02-10,5,2015-02-24,,100000008,EUR,530.62,445.9,84.72,N,I,I
500000041,2000380762,7,2015-02-11,21,2015-02-25,,100000004,EUR,803.25,675,128.25,C,P,D
500000042,2000380763,15,2015-02-12,8,2015-02-26,,100000002,EUR,178.14,149.7,28.44,X,I,I
500000043,2000380764,6,2015-02-13,17,2015-02-27,,100000005,EUR,871.55,732.4,139.15,P,P,D
500000044,2000380765,27,2015-02-14,32,2015-02-28,,100000009,EUR,6543.8,5499,1044.8,C,P,D
500000045,2000380766,3,2015-02-15,20,2015-02-28,,100000000,EUR,113032.74,94985.5,18047.24,C,P,D
500000046,2000380767,15,2015-02-16,23,2015-03-01,,100000002,EUR,114.24,96,18.24,X,I,I
500000047,2000380768,11,2015-02-17,10,2015-03-02,,100000008,EUR,521.22,438,83.22,C,P,D
500000048,2000380769,16,2015-02-18,29,2015-03-03,,100000006,EUR,411.5,345.8,65.7,C,P,D
500000049,2000380770,33,2015-02-19,8,2015-03-04,,100000005,EUR,11379.97,9563,1816.97,N,I,I
500000050,2000380771,28,2015-02-20,29,2015-03-05,,100000026,EUR,26581.03,22337,4244.03,N,I,I
500000051,2000380772,17,2015-02-21,30,2015-03-06,,100000025,EUR,9417.66,7914,1503.66,C,P,D
500000052,2000380773,11,2015-02-22,19,2015-03-07,,100000022,EUR,5631.08,4732,899.08,X,I,I
500000053,2000380774,14,2015-02-23,27,2015-03-08,,100000024,EUR,1405.39,1181,224.39,C,P,D
500000054,2000380775,6,2015-02-24,3,2015-03-09,,100000024,EUR,761.24,639.7,121.54,P,I,I
500000055,2000380776,6,2015-02-25,6,2015-03-10,,100000021,EUR,101299.22,85125.4,16173.82,C,P,D
500000056,2000380777,19,2015-02-26,22,2015-03-11,,100000023,EUR,250.73,210.7,40.03,C,P,D
500000057,2000380778,1,2015-02-27,17,2015-03-12,,100000019,EUR,10549.35,8865,1684.35,N,I,I
500000058,2000380779,13,2015-02-28,24,2015-03-13,,100000026,EUR,195.16,164,31.16,X,I,I
500000059,2000380780,31,2015-02-28,30,2015-03-14,,100000026,EUR,3972.22,3338,634.22,P,I,D
500000060,2000380781,31,2015-03-01,11,2015-03-15,,100000025,EUR,3598.92,3024.3,574.62,P,P,I
500000061,2000380782,23,2015-03-02,16,2015-03-16,,100000019,EUR,325.94,273.9,52.04,C,P,D
500000062,2000380783,4,2015-03-03,28,2015-03-17,,100000022,EUR,24395,20500,3895,N,I,I
500000063,2000380784,17,2015-03-04,23,2015-03-18,,100000024,EUR,5527.55,4645,882.55,P,I,D
500000064,2000380785,12,2015-03-05,11,2015-03-19,,100000024,EUR,3459.33,2907,552.33,N,I,I
500000065,2000380786,25,2015-03-06,22,2015-03-20,,100000021,EUR,852.04,716,136.04,C,P,D
500000066,2000380787,19,2015-03-07,31,2015-03-21,,100000019,EUR,1916.5,1610.5,306,N,I,I
500000067,2000380788,17,2015-03-08,14,2015-03-22,,100000022,EUR,178.14,149.7,28.44,C,P,D
500000068,2000380789,19,2015-03-09,16,2015-03-23,,100000025,EUR,871.55,732.4,139.15,P,P,I
500000069,2000380790,11,2015-03-10,29,2015-03-24,,100000026,EUR,1028.15,864,164.15,N,I,I
500000070,2000380791,4,2015-03-11,17,2015-03-25,,100000026,EUR,5523.38,4641.5,881.88,X,I,I
500000071,2000380792,22,2015-03-12,23,2015-03-26,,100000025,EUR,187.54,157.6,29.94,N,I,I
500000072,2000380793,19,2015-03-13,16,2015-03-27,,100000024,EUR,521.22,438,83.22,N,I,I
500000073,2000380794,15,2015-03-14,6,2015-03-28,,100000021,EUR,411.5,345.8,65.7,N,I,I
500000074,2000380795,3,2015-03-15,30,2015-03-29,,100000022,EUR,11552.52,9708,1844.52,C,P,D
500000075,2000380796,16,2015-03-16,33,2015-03-30,,100000023,EUR,26581.03,22337,4244.03,X,I,I
500000076,2000380797,32,2015-03-17,8,2015-03-31,,100000023,EUR,9417.66,7914,1503.66,P,I,D
500000077,2000380798,2,2015-03-18,21,2015-04-01,,100000023,EUR,5631.08,4732,899.08,C,P,D
500000078,2000380799,28,2015-03-19,31,2015-04-02,,100000021,EUR,1405.39,1181,224.39,C,P,D
500000079,2000380800,4,2015-03-20,4,2015-04-03,,100000019,EUR,761.24,639.7,121.54,N,I,I
500000080,2000380801,29,2015-03-21,1,2015-04-04,,100000024,EUR,101299.22,85125.4,16173.82,P,I,D
500000081,2000380802,9,2015-03-22,17,2015-04-05,,100000019,EUR,250.73,210.7,40.03,C,P,D
500000082,2000380803,15,2015-03-23,19,2015-04-06,,100000024,EUR,10549.35,8865,1684.35,N,I,I
500000083,2000380804,8,2015-03-24,19,2015-04-07,,100000026,EUR,195.16,164,31.16,C,P,D
500000084,2000380805,28,2015-03-25,26,2015-04-08,,100000026,EUR,107100,90000,17100,C,P,D
500000085,2000380806,4,2015-03-26,15,2015-04-09,,100000025,EUR,4415.73,3710.7,705.03,X,I,I
500000086,2000380807,10,2015-03-27,15,2015-04-10,,100000023,EUR,325.94,273.9,52.04,C,P,D
500000087,2000380808,27,2015-03-28,27,2015-04-11,,100000022,EUR,24220.07,20353,3867.07,X,I,I
500000088,2000380809,26,2015-03-29,7,2015-04-12,,100000024,EUR,4499.87,3781.4,718.47,P,I,D
500000089,2000380810,3,2015-03-30,2,2015-04-13,,100000024,EUR,2727.24,2291.8,435.44,N,I,I
500000090,2000380811,17,2015-03-31,5,2015-04-14,,100000021,EUR,530.62,445.9,84.72,N,I,I
500000091,2000380812,25,2015-04-01,18,2015-04-15,,100000019,EUR,803.25,675,128.25,N,I,I
500000092,2000380813,22,2015-04-02,29,2015-04-16,,100000025,EUR,178.14,149.7,28.44,X,I,I
500000093,2000380814,15,2015-04-03,9,2015-04-17,,100000022,EUR,871.55,732.4,139.15,X,I,I
500000094,2000380815,29,2015-04-04,31,2015-04-18,,100000026,EUR,6543.8,5499,1044.8,C,P,D
500000095,2000380816,27,2015-04-05,18,2015-04-19,,100000026,EUR,113032.74,94985.5,18047.24,X,I,I
500000096,2000380817,26,2015-04-06,29,2015-04-20,,100000025,EUR,114.24,96,18.24,C,P,D
500000097,2000380818,20,2015-04-07,27,2015-04-21,,100000021,EUR,521.22,438,83.22,P,P,D
500000098,2000380819,16,2015-04-08,16,2015-04-22,,100000024,EUR,411.5,345.8,65.7,C,P,D
500000099,2000380820,15,2015-04-09,18,2015-04-23,,100000022,EUR,11379.97,9563,1816.97,X,I,I
500000100,2000380821,5,2015-04-10,32,2015-04-24,,100000012,EUR,26581.03,22337,4244.03,X,I,I
500000101,2000380822,1,2015-04-11,21,2015-04-25,,100000011,EUR,9417.66,7914,1503.66,X,I,I
500000102,2000380823,8,2015-04-12,14,2015-04-26,,100000015,EUR,5631.08,4732,899.08,P,I,I
500000103,2000380824,6,2015-04-13,28,2015-04-27,,100000013,EUR,1405.39,1181,224.39,N,I,I
500000104,2000380825,11,2015-04-14,18,2015-04-28,,100000013,EUR,761.24,639.7,121.54,C,P,D
500000105,2000380826,14,2015-04-15,8,2015-04-29,,100000014,EUR,101299.22,85125.4,16173.82,X,I,I
500000106,2000380827,29,2015-04-16,23,2015-04-30,,100000016,EUR,250.73,210.7,40.03,C,P,D
500000107,2000380828,2,2015-04-17,2,2015-05-01,,100000017,EUR,10549.35,8865,1684.35,C,P,D
500000108,2000380829,3,2015-04-18,23,2015-05-02,,100000018,EUR,195.16,164,31.16,P,I,D
500000109,2000380830,17,2015-04-19,25,2015-05-03,,100000012,EUR,3972.22,3338,634.22,P,I,I
500000110,2000380831,23,2015-04-20,2,2015-05-04,,100000011,EUR,3598.92,3024.3,574.62,P,I,D
500000111,2000380832,5,2015-04-21,12,2015-05-05,,100000017,EUR,325.94,273.9,52.04,N,I,I
500000112,2000380833,13,2015-04-22,24,2015-05-06,,100000015,EUR,24395,20500,3895,X,I,I
500000113,2000380834,24,2015-04-23,31,2015-05-07,,100000013,EUR,5527.55,4645,882.55,N,I,I
500000114,2000380835,32,2015-04-24,12,2015-05-08,,100000013,EUR,3459.33,2907,552.33,X,I,I
500000115,2000380836,5,2015-04-25,27,2015-05-09,,100000014,EUR,852.04,716,136.04,P,I,I
500000116,2000380837,22,2015-04-26,14,2015-05-10,,100000017,EUR,1916.5,1610.5,306,N,I,I
500000117,2000380838,3,2015-04-27,27,2015-05-11,,100000015,EUR,178.14,149.7,28.44,P,P,D
500000118,2000380839,30,2015-04-28,31,2015-05-12,,100000011,EUR,871.55,732.4,139.15,P,I,D
500000119,2000380840,29,2015-04-29,9,2015-05-13,,100000018,EUR,1028.15,864,164.15,N,I,I
500000120,2000380841,28,2015-04-30,7,2015-05-14,,100000012,EUR,5523.38,4641.5,881.88,X,I,I
500000121,2000380842,22,2015-05-01,14,2015-05-15,,100000011,EUR,187.54,157.6,29.94,X,I,I
500000122,2000380843,13,2015-05-02,14,2015-05-16,,100000013,EUR,521.22,438,83.22,N,I,I
500000123,2000380844,27,2015-05-03,9,2015-05-17,,100000014,EUR,411.5,345.8,65.7,X,I,I
500000124,2000380845,11,2015-05-04,3,2015-05-18,,100000015,EUR,11552.52,9708,1844.52,C,P,D
500000125,2000380846,13,2015-05-05,4,2015-05-19,,100000016,EUR,26581.03,22337,4244.03,C,P,D
500000126,2000380847,28,2015-05-06,14,2015-05-20,,100000016,EUR,9417.66,7914,1503.66,C,P,D
500000127,2000380848,21,2015-05-07,2,2015-05-21,,100000016,EUR,5631.08,4732,899.08,C,P,D
500000128,2000380849,16,2015-05-08,15,2015-05-22,,100000014,EUR,1405.39,1181,224.39,X,I,I
500000129,2000380850,28,2015-05-09,21,2015-05-23,,100000017,EUR,761.24,639.7,121.54,C,P,D
500000130,2000380851,12,2015-05-10,33,2015-05-24,,100000013,EUR,101299.22,85125.4,16173.82,C,P,D
500000131,2000380852,11,2015-05-11,2,2015-05-25,,100000017,EUR,250.73,210.7,40.03,P,P,D
500000132,2000380853,32,2015-05-12,2,2015-05-26,,100000013,EUR,10549.35,8865,1684.35,P,I,D
500000133,2000380854,5,2015-05-13,32,2015-05-27,,100000018,EUR,195.16,164,31.16,C,P,D
500000134,2000380855,2,2015-05-14,22,2015-05-28,,100000012,EUR,107100,90000,17100,P,P,I
500000135,2000380856,8,2015-05-15,5,2015-05-29,,100000011,EUR,4415.73,3710.7,705.03,N,I,I
500000136,2000380857,33,2015-05-16,20,2015-05-30,,100000016,EUR,325.94,273.9,52.04,X,I,I
500000137,2000380858,24,2015-05-17,31,2015-05-31,,100000015,EUR,24220.07,20353,3867.07,P,I,D
500000138,2000380859,24,2015-05-18,4,2015-06-01,,100000013,EUR,4499.87,3781.4,718.47,C,P,D
500000139,2000380860,15,2015-05-19,17,2015-06-02,,100000013,EUR,2727.24,2291.8,435.44,P,P,D
500000140,2000380861,18,2015-05-20,17,2015-06-03,,100000014,EUR,530.62,445.9,84.72,C,P,D
500000141,2000380862,18,2015-05-21,1,2015-06-04,,100000017,EUR,803.25,675,128.25,P,I,I
500000142,2000380863,7,2015-05-22,13,2015-06-05,,100000011,EUR,178.14,149.7,28.44,P,I,D
500000143,2000380864,10,2015-05-23,30,2015-06-06,,100000015,EUR,871.55,732.4,139.15,P,P,I
500000144,2000380865,11,2015-05-24,21,2015-06-07,,100000018,EUR,6543.8,5499,1044.8,X,I,I
500000145,2000380866,2,2015-05-25,12,2015-06-08,,100000012,EUR,113032.74,94985.5,18047.24,P,I,D
500000146,2000380867,5,2015-05-26,16,2015-06-09,,100000011,EUR,114.24,96,18.24,P,P,I
500000147,2000380868,24,2015-05-27,9,2015-06-10,,100000014,EUR,521.22,438,83.22,N,I,I
500000148,2000380869,16,2015-05-28,22,2015-06-11,,100000013,EUR,411.5,345.8,65.7,C,P,D
500000149,2000380870,19,2015-05-29,2,2015-06-12,,100000015,EUR,11379.97,9563,1816.97,C,P,D
500000150,2000380871,4,2015-05-30,20,2015-06-13,,100000028,EUR,26581.03,22337,4244.03,P,P,I
500000151,2000380872,32,2015-05-31,4,2015-06-14,,100000030,EUR,9417.66,7914,1503.66,C,P,D
500000152,2000380873,1,2015-06-01,17,2015-06-15,,100000031,EUR,5631.08,4732,899.08,N,I,I
500000153,2000380874,10,2015-06-02,5,2015-06-16,,100000032,EUR,1405.39,1181,224.39,N,I,I
500000154,2000380875,32,2015-06-03,4,2015-06-17,,100000032,EUR,761.24,639.7,121.54,C,P,D
500000155,2000380876,12,2015-06-04,4,2015-06-18,,100000033,EUR,101299.22,85125.4,16173.82,C,P,D
500000156,2000380877,31,2015-06-05,26,2015-06-19,,100000034,EUR,250.73,210.7,40.03,X,I,I
500000157,2000380878,3,2015-06-06,11,2015-06-20,,100000035,EUR,10549.35,8865,1684.35,X,I,I
500000158,2000380879,14,2015-06-07,6,2015-06-21,,100000027,EUR,195.16,164,31.16,X,I,I
500000159,2000380880,7,2015-06-08,14,2015-06-22,,100000028,EUR,3972.22,3338,634.22,P,I,I
500000160,2000380881,1,2015-06-09,3,2015-06-23,,100000030,EUR,3598.92,3024.3,574.62,X,I,I
500000161,2000380882,19,2015-06-10,12,2015-06-24,,100000035,EUR,325.94,273.9,52.04,X,I,I
500000162,2000380883,23,2015-06-11,10,2015-06-25,,100000031,EUR,24395,20500,3895,P,P,I
500000163,2000380884,12,2015-06-12,11,2015-06-26,,100000032,EUR,5527.55,4645,882.55,C,P,D
500000164,2000380885,9,2015-06-13,28,2015-06-27,,100000032,EUR,3459.33,2907,552.33,X,I,I
500000165,2000380886,27,2015-06-14,2,2015-06-28,,100000033,EUR,852.04,716,136.04,X,I,I
500000166,2000380887,18,2015-06-15,11,2015-06-29,,100000035,EUR,1916.5,1610.5,306,C,P,D
500000167,2000380888,1,2015-06-16,15,2015-06-30,,100000031,EUR,178.14,149.7,28.44,X,I,I
500000168,2000380889,31,2015-06-17,12,2015-07-01,,100000030,EUR,871.55,732.4,139.15,N,I,I
500000169,2000380890,31,2015-06-18,12,2015-07-02,,100000027,EUR,1028.15,864,164.15,N,I,I
500000170,2000380891,6,2015-06-19,29,2015-07-03,,100000028,EUR,5523.38,4641.5,881.88,C,P,D
500000171,2000380892,9,2015-06-20,5,2015-07-04,,100000030,EUR,187.54,157.6,29.94,X,I,I
500000172,2000380893,33,2015-06-21,23,2015-07-05,,100000032,EUR,521.22,438,83.22,P,P,I
500000173,2000380894,17,2015-06-22,15,2015-07-06,,100000033,EUR,411.5,345.8,65.7,X,I,I
500000174,2000380895,4,2015-06-23,15,2015-07-07,,100000031,EUR,11552.52,9708,1844.52,C,P,D
500000175,2000380896,30,2015-06-24,5,2015-07-08,,100000034,EUR,26581.03,22337,4244.03,N,I,I
500000176,2000380897,7,2015-06-25,8,2015-07-09,,100000034,EUR,9417.66,7914,1503.66,C,P,D
500000177,2000380898,2,2015-06-26,7,2015-07-10,,100000034,EUR,5631.08,4732,899.08,C,P,D
500000178,2000380899,15,2015-06-27,28,2015-07-11,,100000033,EUR,1405.39,1181,224.39,P,I,D
500000179,2000380900,14,2015-06-28,27,2015-07-12,,100000035,EUR,761.24,639.7,121.54,C,P,D
500000180,2000380901,1,2015-06-29,23,2015-07-13,,100000032,EUR,101299.22,85125.4,16173.82,X,I,I
500000181,2000380902,18,2015-06-30,3,2015-07-14,,100000035,EUR,250.73,210.7,40.03,C,P,D
500000182,2000380903,10,2015-07-01,10,2015-07-15,,100000032,EUR,10549.35,8865,1684.35,X,I,I
500000183,2000380904,29,2015-07-02,8,2015-07-16,,100000027,EUR,195.16,164,31.16,P,I,I
500000184,2000380905,10,2015-07-03,13,2015-07-17,,100000028,EUR,107100,90000,17100,P,P,D
500000185,2000380906,2,2015-07-04,15,2015-07-18,,100000030,EUR,4415.73,3710.7,705.03,C,P,D
500000186,2000380907,32,2015-07-05,15,2015-07-19,,100000034,EUR,325.94,273.9,52.04,N,I,I
500000187,2000380908,28,2015-07-06,15,2015-07-20,,100000031,EUR,24220.07,20353,3867.07,P,P,I
500000188,2000380909,12,2015-07-07,18,2015-07-21,,100000032,EUR,4499.87,3781.4,718.47,P,I,D
500000189,2000380910,23,2015-07-08,2,2015-07-22,,100000032,EUR,2727.24,2291.8,435.44,N,I,I
500000190,2000380911,11,2015-07-09,14,2015-07-23,,100000033,EUR,530.62,445.9,84.72,P,I,I
500000191,2000380912,8,2015-07-10,7,2015-07-24,,100000035,EUR,803.25,675,128.25,C,P,D
500000192,2000380913,22,2015-07-11,21,2015-07-25,,100000030,EUR,178.14,149.7,28.44,P,P,D
500000193,2000380914,2,2015-07-12,13,2015-07-26,,100000031,EUR,871.55,732.4,139.15,X,I,I
500000194,2000380915,24,2015-07-13,21,2015-07-27,,100000027,EUR,6543.8,5499,1044.8,C,P,D
500000195,2000380916,27,2015-07-14,1,2015-07-28,,100000028,EUR,113032.74,94985.5,18047.24,N,I,I
500000196,2000380917,8,2015-07-15,6,2015-07-29,,100000030,EUR,114.24,96,18.24,C,P,D
500000197,2000380918,21,2015-07-16,30,2015-07-30,,100000033,EUR,521.22,438,83.22,X,I,I
500000198,2000380919,9,2015-07-17,25,2015-07-31,,100000032,EUR,411.5,345.8,65.7,P,P,I
500000199,2000380920,2,2015-07-18,20,2015-08-01,,100000031,EUR,11379.97,9563,1816.97,X,I,I
500000200,2000380921,11,2015-07-19,10,2015-08-02,,100000044,EUR,26581.03,22337,4244.03,N,I,I
500000201,2000380922,25,2015-07-20,32,2015-08-03,,100000036,EUR,9417.66,7914,1503.66,N,I,I
500000202,2000380923,2,2015-07-21,17,2015-08-04,,100000038,EUR,5631.08,4732,899.08,X,I,I
500000203,2000380924,7,2015-07-22,4,2015-08-05,,100000037,EUR,1405.39,1181,224.39,C,P,D
500000204,2000380925,26,2015-07-23,1,2015-08-06,,100000037,EUR,761.24,639.7,121.54,P,P,I
500000205,2000380926,4,2015-07-24,18,2015-08-07,,100000042,EUR,101299.22,85125.4,16173.82,C,P,D
500000206,2000380927,6,2015-07-25,13,2015-08-08,,100000044,EUR,250.73,210.7,40.03,C,P,D
500000207,2000380928,7,2015-07-26,10,2015-08-09,,100000041,EUR,10549.35,8865,1684.35,P,P,I
500000208,2000380929,15,2015-07-27,10,2015-08-10,,100000043,EUR,195.16,164,31.16,P,I,I
500000209,2000380930,24,2015-07-28,5,2015-08-11,,100000044,EUR,3972.22,3338,634.22,C,P,D
500000210,2000380931,21,2015-07-29,3,2015-08-12,,100000036,EUR,3598.92,3024.3,574.62,C,P,D
500000211,2000380932,2,2015-07-30,26,2015-08-13,,100000041,EUR,325.94,273.9,52.04,X,I,I
500000212,2000380933,22,2015-07-31,18,2015-08-14,,100000038,EUR,24395,20500,3895,C,P,D
500000213,2000380934,1,2015-08-01,10,2015-08-15,,100000037,EUR,5527.55,4645,882.55,P,I,I
500000214,2000380935,24,2015-08-02,31,2015-08-16,,100000037,EUR,3459.33,2907,552.33,P,P,D
500000215,2000380936,3,2015-08-03,1,2015-08-17,,100000042,EUR,852.04,716,136.04,X,I,I
500000216,2000380937,24,2015-08-04,21,2015-08-18,,100000041,EUR,1916.5,1610.5,306,N,I,I
500000217,2000380938,3,2015-08-05,8,2015-08-19,,100000038,EUR,178.14,149.7,28.44,X,I,I
500000218,2000380939,21,2015-08-06,16,2015-08-20,,100000036,EUR,871.55,732.4,139.15,N,I,I
500000219,2000380940,13,2015-08-07,15,2015-08-21,,100000043,EUR,1028.15,864,164.15,P,I,I
500000220,2000380941,15,2015-08-08,20,2015-08-22,,100000044,EUR,5523.38,4641.5,881.88,P,I,I
500000221,2000380942,18,2015-08-09,18,2015-08-23,,100000036,EUR,187.54,157.6,29.94,N,I,I
500000222,2000380943,30,2015-08-10,28,2015-08-24,,100000037,EUR,521.22,438,83.22,X,I,I
500000223,2000380944,13,2015-08-11,27,2015-08-25,,100000042,EUR,411.5,345.8,65.7,N,I,I
500000224,2000380945,21,2015-08-12,2,2015-08-26,,100000038,EUR,11552.52,9708,1844.52,C,P,D
500000225,2000380946,3,2015-08-13,6,2015-08-27,,100000044,EUR,26581.03,22337,4244.03,X,I,I
500000226,2000380947,17,2015-08-14,24,2015-08-28,,100000044,EUR,9417.66,7914,1503.66,N,I,I
500000227,2000380948,21,2015-08-15,33,2015-08-29,,100000044,EUR,5631.08,4732,899.08,X,I,I
500000228,2000380949,23,2015-08-16,12,2015-08-30,,100000042,EUR,1405.39,1181,224.39,C,P,D
500000229,2000380950,30,2015-08-17,23,2015-08-31,,100000041,EUR,761.24,639.7,121.54,N,I,I
500000230,2000380951,24,2015-08-18,11,2015-09-01,,100000037,EUR,101299.22,85125.4,16173.82,X,I,I
500000231,2000380952,19,2015-08-19,29,2015-09-02,,100000041,EUR,250.73,210.7,40.03,N,I,I
500000232,2000380953,3,2015-08-20,26,2015-09-03,,100000037,EUR,10549.35,8865,1684.35,N,I,I
500000233,2000380954,31,2015-08-21,3,2015-09-04,,100000043,EUR,195.16,164,31.16,C,P,D
500000234,2000380955,3,2015-08-22,21,2015-09-05,,100000044,EUR,107100,90000,17100,X,I,I
500000235,2000380956,1,2015-08-23,16,2015-09-06,,100000036,EUR,4415.73,3710.7,705.03,N,I,I
500000236,2000380957,32,2015-08-24,18,2015-09-07,,100000044,EUR,325.94,273.9,52.04,N,I,I
500000237,2000380958,30,2015-08-25,12,2015-09-08,,100000038,EUR,24220.07,20353,3867.07,C,P,D
500000238,2000380959,7,2015-08-26,4,2015-09-09,,100000037,EUR,4499.87,3781.4,718.47,P,P,I
500000239,2000380960,12,2015-08-27,24,2015-09-10,,100000037,EUR,2727.24,2291.8,435.44,P,I,D
500000240,2000380961,23,2015-08-28,14,2015-09-11,,100000042,EUR,530.62,445.9,84.72,X,I,I
500000241,2000380962,17,2015-08-29,30,2015-09-12,,100000041,EUR,803.25,675,128.25,P,I,D
500000242,2000380963,31,2015-08-30,14,2015-09-13,,100000036,EUR,178.14,149.7,28.44,N,I,I
500000243,2000380964,3,2015-08-31,30,2015-09-14,,100000038,EUR,871.55,732.4,139.15,X,I,I
500000244,2000380965,17,2015-09-01,22,2015-09-15,,100000043,EUR,6543.8,5499,1044.8,X,I,I
500000245,2000380966,17,2015-09-02,6,2015-09-16,,100000044,EUR,113032.74,94985.5,18047.24,X,I,I
500000246,2000380967,26,2015-09-03,8,2015-09-17,,100000036,EUR,114.24,96,18.24,N,I,I
500000247,2000380968,30,2015-09-04,6,2015-09-18,,100000042,EUR,521.22,438,83.22,P,I,D
500000248,2000380969,19,2015-09-05,14,2015-09-19,,100000037,EUR,411.5,345.8,65.7,X,I,I
500000249,2000380970,28,2015-09-06,6,2015-09-20,,100000038,EUR,11379.97,9563,1816.97,C,P,D
500000250,2000380971,9,2015-09-07,3,2015-09-21,,100000000,EUR,26581.03,22337,4244.03,N,I,I
500000251,2000380972,15,2015-09-08,19,2015-09-22,,100000002,EUR,9417.66,7914,1503.66,C,P,D
500000252,2000380973,17,2015-09-09,10,2015-09-23,,100000005,EUR,5631.08,4732,899.08,N,I,I
500000253,2000380974,23,2015-09-10,26,2015-09-24,,100000006,EUR,1405.39,1181,224.39,C,P,D
500000254,2000380975,4,2015-09-11,27,2015-09-25,,100000006,EUR,761.24,639.7,121.54,X,I,I
500000255,2000380976,29,2015-09-12,14,2015-09-26,,100000008,EUR,101299.22,85125.4,16173.82,C,P,D
500000256,2000380977,25,2015-09-13,18,2015-09-27,,100000003,EUR,250.73,210.7,40.03,N,I,I
500000257,2000380978,30,2015-09-14,10,2015-09-28,,100000004,EUR,10549.35,8865,1684.35,P,I,D
500000258,2000380979,6,2015-09-15,5,2015-09-29,,100000009,EUR,195.16,164,31.16,C,P,D
500000259,2000380980,14,2015-09-16,15,2015-09-30,,100000000,EUR,3972.22,3338,634.22,X,I,I
500000260,2000380981,8,2015-09-17,27,2015-10-01,,100000002,EUR,3598.92,3024.3,574.62,C,P,D
500000261,2000380982,22,2015-09-18,9,2015-10-02,,100000004,EUR,325.94,273.9,52.04,C,P,D
500000262,2000380983,4,2015-09-19,6,2015-10-03,,100000005,EUR,24395,20500,3895,X,I,I
500000263,2000380984,25,2015-09-20,14,2015-10-04,,100000006,EUR,5527.55,4645,882.55,X,I,I
500000264,2000380985,24,2015-09-21,6,2015-10-05,,100000006,EUR,3459.33,2907,552.33,X,I,I
500000265,2000380986,9,2015-09-22,31,2015-10-06,,100000008,EUR,852.04,716,136.04,P,P,I
500000266,2000380987,33,2015-09-23,6,2015-10-07,,100000004,EUR,1916.5,1610.5,306,P,P,D
500000267,2000380988,20,2015-09-24,18,2015-10-08,,100000005,EUR,178.14,149.7,28.44,P,P,I
500000268,2000380989,1,2015-09-25,19,2015-10-09,,100000002,EUR,871.55,732.4,139.15,P,P,I
500000269,2000380990,17,2015-09-26,22,2015-10-10,,100000009,EUR,1028.15,864,164.15,X,I,I
500000270,2000380991,20,2015-09-27,32,2015-10-11,,100000000,EUR,5523.38,4641.5,881.88,X,I,I
500000271,2000380992,4,2015-09-28,17,2015-10-12,,100000002,EUR,187.54,157.6,29.94,P,P,D
500000272,2000380993,21,2015-09-29,20,2015-10-13,,100000006,EUR,521.22,438,83.22,C,P,D
500000273,2000380994,33,2015-09-30,18,2015-10-14,,100000008,EUR,411.5,345.8,65.7,P,P,D
500000274,2000380995,31,2015-10-01,20,2015-10-15,,100000005,EUR,11552.52,9708,1844.52,C,P,D
500000275,2000380996,14,2015-10-02,26,2015-10-16,,100000003,EUR,26581.03,22337,4244.03,N,I,I
500000276,2000380997,10,2015-10-03,15,2015-10-17,,100000003,EUR,9417.66,7914,1503.66,C,P,D
500000277,2000380998,9,2015-10-04,21,2015-10-18,,100000003,EUR,5631.08,4732,899.08,P,I,I
500000278,2000380999,27,2015-10-05,26,2015-10-19,,100000008,EUR,1405.39,1181,224.39,P,P,D
500000279,2000381000,28,2015-10-06,16,2015-10-20,,100000004,EUR,761.24,639.7,121.54,P,P,I
500000280,2000381001,2,2015-10-07,19,2015-10-21,,100000006,EUR,101299.22,85125.4,16173.82,P,I,I
500000281,2000381002,16,2015-10-08,6,2015-10-22,,100000004,EUR,250.73,210.7,40.03,C,P,D
500000282,2000381003,29,2015-10-09,3,2015-10-23,,100000006,EUR,10549.35,8865,1684.35,X,I,I
500000283,2000381004,33,2015-10-10,3,2015-10-24,,100000009,EUR,195.16,164,31.16,N,I,I
500000284,2000381005,11,2015-10-11,22,2015-10-25,,100000000,EUR,107100,90000,17100,P,P,I
500000285,2000381006,5,2015-10-12,4,2015-10-26,,100000002,EUR,4415.73,3710.7,705.03,P,I,I
500000286,2000381007,7,2015-10-13,14,2015-10-27,,100000003,EUR,325.94,273.9,52.04,C,P,D
500000287,2000381008,8,2015-10-14,22,2015-10-28,,100000005,EUR,24220.07,20353,3867.07,N,I,I
500000288,2000381009,25,2015-10-15,19,2015-10-29,,100000006,EUR,4499.87,3781.4,718.47,P,P,D
500000289,2000381010,9,2015-10-16,30,2015-10-30,,100000006,EUR,2727.24,2291.8,435.44,N,I,I
500000290,2000381011,4,2015-10-17,32,2015-10-31,,100000008,EUR,530.62,445.9,84.72,N,I,I
500000291,2000381012,12,2015-10-18,22,2015-11-01,,100000004,EUR,803.25,675,128.25,C,P,D
500000292,2000381013,29,2015-10-19,30,2015-11-02,,100000002,EUR,178.14,149.7,28.44,N,I,I
500000293,2000381014,4,2015-10-20,15,2015-11-03,,100000005,EUR,871.55,732.4,139.15,X,I,I
500000294,2000381015,20,2015-10-21,29,2015-11-04,,100000009,EUR,6543.8,5499,1044.8,N,I,I
500000295,2000381016,22,2015-10-22,23,2015-11-05,,100000000,EUR,113032.74,94985.5,18047.24,X,I,I
500000296,2000381017,13,2015-10-23,24,2015-11-06,,100000002,EUR,114.24,96,18.24,N,I,I
500000297,2000381018,18,2015-10-24,15,2015-11-07,,100000008,EUR,521.22,438,83.22,X,I,I
500000298,2000381019,24,2015-10-25,18,2015-11-08,,100000006,EUR,411.5,345.8,65.7,X,I,I
500000299,2000381020,9,2015-10-26,25,2015-11-09,,100000005,EUR,11379.97,9563,1816.97,C,P,D
500000300,2000381021,13,2015-10-27,17,2015-11-10,,100000026,EUR,26581.03,22337,4244.03,X,I,I
500000301,2000381022,19,2015-10-28,16,2015-11-11,,100000025,EUR,9417.66,7914,1503.66,P,I,I
500000302,2000381023,21,2015-10-29,32,2015-11-12,,100000022,EUR,5631.08,4732,899.08,N,I,I
500000303,2000381024,5,2015-10-30,11,2015-11-13,,100000024,EUR,1405.39,1181,224.39,C,P,D
500000304,2000381025,1,2015-10-31,27,2015-11-14,,100000024,EUR,761.24,639.7,121.54,X,I,I
500000305,2000381026,33,2015-11-01,20,2015-11-15,,100000021,EUR,101299.22,85125.4,16173.82,N,I,I
500000306,2000381027,14,2015-11-02,9,2015-11-16,,100000023,EUR,250.73,210.7,40.03,N,I,I
500000307,2000381028,12,2015-11-03,24,2015-11-17,,100000019,EUR,10549.35,8865,1684.35,X,I,I
500000308,2000381029,32,2015-11-04,31,2015-11-18,,100000026,EUR,195.16,164,31.16,N,I,I
500000309,2000381030,24,2015-11-05,6,2015-11-19,,100000026,EUR,3972.22,3338,634.22,P,I,D
500000310,2000381031,17,2015-11-06,12,2015-11-20,,100000025,EUR,3598.92,3024.3,574.62,X,I,I
500000311,2000381032,8,2015-11-07,15,2015-11-21,,100000019,EUR,325.94,273.9,52.04,C,P,D
500000312,2000381033,13,2015-11-08,4,2015-11-22,,100000022,EUR,24395,20500,3895,C,P,D
500000313,2000381034,27,2015-11-09,14,2015-11-23,,100000024,EUR,5527.55,4645,882.55,P,P,I
500000314,2000381035,15,2015-11-10,11,2015-11-24,,100000024,EUR,3459.33,2907,552.33,C,P,D
500000315,2000381036,12,2015-11-11,7,2015-11-25,,100000021,EUR,852.04,716,136.04,X,I,I
500000316,2000381037,28,2015-11-12,23,2015-11-26,,100000019,EUR,1916.5,1610.5,306,X,I,I
500000317,2000381038,3,2015-11-13,8,2015-11-27,,100000022,EUR,178.14,149.7,28.44,X,I,I
500000318,2000381039,10,2015-11-14,10,2015-11-28,,100000025,EUR,871.55,732.4,139.15,C,P,D
500000319,2000381040,9,2015-11-15,3,2015-11-29,,100000026,EUR,1028.15,864,164.15,X,I,I
500000320,2000381041,29,2015-11-16,11,2015-11-30,,100000026,EUR,5523.38,4641.5,881.88,X,I,I
500000321,2000381042,21,2015-11-17,23,2015-12-01,,100000025,EUR,187.54,157.6,29.94,P,I,I
500000322,2000381043,33,2015-11-18,26,2015-12-02,,100000024,EUR,521.22,438,83.22,P,P,D
500000323,2000381044,19,2015-11-19,11,2015-12-03,,100000021,EUR,411.5,345.8,65.7,N,I,I
500000324,2000381045,18,2015-11-20,14,2015-12-04,,100000022,EUR,11552.52,9708,1844.52,P,I,I
500000325,2000381046,14,2015-11-21,21,2015-12-05,,100000023,EUR,26581.03,22337,4244.03,P,P,I
500000326,2000381047,24,2015-11-22,17,2015-12-06,,100000023,EUR,9417.66,7914,1503.66,N,I,I
500000327,2000381048,16,2015-11-23,26,2015-12-07,,100000023,EUR,5631.08,4732,899.08,C,P,D
500000328,2000381049,12,2015-11-24,24,2015-12-08,,100000021,EUR,1405.39,1181,224.39,P,I,D
500000329,2000381050,20,2015-11-25,31,2015-12-09,,100000019,EUR,761.24,639.7,121.54,C,P,D
500000330,2000381051,12,2015-11-26,6,2015-12-10,,100000024,EUR,101299.22,85125.4,16173.82,P,P,D
500000331,2000381052,13,2015-11-27,27,2015-12-11,,100000019,EUR,250.73,210.7,40.03,N,I,I
500000332,2000381053,22,2015-11-28,6,2015-12-12,,100000024,EUR,10549.35,8865,1684.35,X,I,I
500000333,2000381054,2,2015-11-29,8,2015-12-13,,100000026,EUR,195.16,164,31.16,P,I,I
500000334,2000381055,31,2015-11-30,9,2015-12-14,,100000026,EUR,107100,90000,17100,X,I,I
500000335,2000381056,23,2015-12-01,7,2015-12-15,,100000025,EUR,4415.73,3710.7,705.03,X,I,I
500000336,2000381057,11,2015-12-02,5,2015-12-16,,100000023,EUR,325.94,273.9,52.04,C,P,D
500000337,2000381058,18,2015-12-03,27,2015-12-17,,100000022,EUR,24220.07,20353,3867.07,C,P,D
500000338,2000381059,21,2015-12-04,25,2015-12-18,,100000024,EUR,4499.87,3781.4,718.47,X,I,I
500000339,2000381060,5,2015-12-05,33,2015-12-19,,100000024,EUR,2727.24,2291.8,435.44,N,I,I
500000340,2000381061,15,2015-12-06,21,2015-12-20,,100000021,EUR,530.62,445.9,84.72,X,I,I
500000341,2000381062,17,2015-12-07,28,2015-12-21,,100000019,EUR,803.25,675,128.25,N,I,I
500000342,2000381063,5,2015-12-08,19,2015-12-22,,100000025,EUR,178.14,149.7,28.44,C,P,D
500000343,2000381064,33,2015-12-09,10,2015-12-23,,100000022,EUR,871.55,732.4,139.15,P,P,D
500000344,2000381065,3,2015-12-10,9,2015-12-24,,100000026,EUR,6543.8,5499,1044.8,C,P,D
500000345,2000381066,23,2015-12-11,18,2015-12-25,,100000026,EUR,113032.74,94985.5,18047.24,N,I,I
500000346,2000381067,26,2015-12-12,32,2015-12-26,,100000025,EUR,114.24,96,18.24,X,I,I
500000347,2000381068,30,2015-12-13,29,2015-12-27,,100000021,EUR,521.22,438,83.22,C,P,D
500000348,2000381069,15,2015-12-14,2,2015-12-28,,100000024,EUR,411.5,345.8,65.7,P,P,D
500000349,2000381070,25,2015-12-15,7,2015-12-29,,100000022,EUR,11379.97,9563,1816.97,X,I,I
500000350,2000381071,18,2015-12-16,26,2015-12-30,,100000012,EUR,26581.03,22337,4244.03,N,I,I
500000351,2000381072,15,2015-12-17,15,2015-12-31,,100000011,EUR,9417.66,7914,1503.66,X,I,I
500000352,2000381073,10,2015-12-18,32,2014-01-01,,100000015,EUR,5631.08,4732,899.08,P,I,D
500000353,2000381074,18,2015-12-19,12,2014-01-02,,100000013,EUR,1405.39,1181,224.39,C,P,D
500000354,2000381075,18,2015-12-20,7,2014-01-03,,100000013,EUR,761.24,639.7,121.54,P,P,I
500000355,2000381076,15,2015-12-21,26,2014-01-04,,100000014,EUR,101299.22,85125.4,16173.82,N,I,I
500000356,2000381077,1,2015-12-22,21,2014-01-05,,100000016,EUR,250.73,210.7,40.03,C,P,D
500000357,2000381078,4,2015-12-23,12,2014-01-06,,100000017,EUR,10549.35,8865,1684.35,N,I,I
500000358,2000381079,24,2015-12-24,12,2014-01-07,,100000018,EUR,195.16,164,31.16,N,I,I
500000359,2000381080,27,2015-12-25,23,2014-01-08,,100000012,EUR,3972.22,3338,634.22,X,I,I
500000360,2000381081,24,2015-12-26,29,2014-01-09,,100000011,EUR,3598.92,3024.3,574.62,N,I,I
500000361,2000381082,33,2015-12-27,6,2014-01-10,,100000017,EUR,325.94,273.9,52.04,N,I,I
500000362,2000381083,27,2015-12-28,30,2014-01-11,,100000015,EUR,24395,20500,3895,C,P,D
500000363,2000381084,18,2015-12-29,19,2014-01-12,,100000013,EUR,5527.55,4645,882.55,N,I,I
500000364,2000381085,8,2015-12-30,28,2014-01-13,,100000013,EUR,3459.33,2907,552.33,C,P,D
500000365,2000381086,25,2015-12-31,15,2014-01-14,,100000014,EUR,852.04,716,136.04,C,P,D
500000366,2000381087,8,2015-01-01,8,2015-01-15,,100000017,EUR,1916.5,1610.5,306,X,I,I
500000367,2000381088,26,2015-01-02,15,2015-01-16,,100000015,EUR,178.14,149.7,28.44,P,P,I
500000368,2000381089,17,2015-01-03,12,2015-01-17,,100000011,EUR,871.55,732.4,139.15,C,P,D
500000369,2000381090,25,2015-01-04,16,2015-01-18,,100000018,EUR,1028.15,864,164.15,N,I,I
500000370,2000381091,20,2015-01-05,8,2015-01-19,,100000012,EUR,5523.38,4641.5,881.88,X,I,I
500000371,2000381092,17,2015-01-06,29,2015-01-20,,100000011,EUR,187.54,157.6,29.94,C,P,D
500000372,2000381093,1,2015-01-07,11,2015-01-21,,100000013,EUR,521.22,438,83.22,C,P,D
500000373,2000381094,1,2015-01-08,1,2015-01-22,,100000014,EUR,411.5,345.8,65.7,C,P,D
500000374,2000381095,20,2015-01-09,17,2015-01-23,,100000015,EUR,11552.52,9708,1844.52,N,I,I
500000375,2000381096,18,2015-01-10,8,2015-01-24,,100000016,EUR,26581.03,22337,4244.03,N,I,I
500000376,2000381097,1,2015-01-11,27,2015-01-25,,100000016,EUR,9417.66,7914,1503.66,X,I,I
500000377,2000381098,30,2015-01-12,17,2015-01-26,,100000016,EUR,5631.08,4732,899.08,N,I,I
500000378,2000381099,1,2015-01-13,33,2015-01-27,,100000014,EUR,1405.39,1181,224.39,P,I,I
500000379,2000381100,5,2015-01-14,8,2015-01-28,,100000017,EUR,761.24,639.7,121.54,N,I,I
500000380,2000381101,7,2015-01-15,12,2015-01-29,,100000013,EUR,101299.22,85125.4,16173.82,X,I,I
500000381,2000381102,8,2015-01-16,22,2015-01-30,,100000017,EUR,250.73,210.7,40.03,N,I,I
500000382,2000381103,25,2015-01-17,32,2015-01-31,,100000013,EUR,10549.35,8865,1684.35,P,I,I
500000383,2000381104,13,2015-01-18,18,2015-02-01,,100000018,EUR,195.16,164,31.16,C,P,D
500000384,2000381105,1,2015-01-19,9,2015-02-02,,100000012,EUR,107100,90000,17100,N,I,I
500000385,2000381106,21,2015-01-20,7,2015-02-03,,100000011,EUR,4415.73,3710.7,705.03,X,I,I
500000386,2000381107,14,2015-01-21,8,2015-02-04,,100000016,EUR,325.94,273.9,52.04,X,I,I
500000387,2000381108,19,2015-01-22,12,2015-02-05,,100000015,EUR,24220.07,20353,3867.07,X,I,I
500000388,2000381109,19,2015-01-23,9,2015-02-06,,100000013,EUR,4499.87,3781.4,718.47,X,I,I
500000389,2000381110,2,2015-01-24,13,2015-02-07,,100000013,EUR,2727.24,2291.8,435.44,N,I,I
500000390,2000381111,21,2015-01-25,26,2015-02-08,,100000014,EUR,530.62,445.9,84.72,P,I,D
500000391,2000381112,22,2015-01-26,28,2015-02-09,,100000017,EUR,803.25,675,128.25,P,P,I
500000392,2000381113,6,2015-01-27,7,2015-02-10,,100000011,EUR,178.14,149.7,28.44,C,P,D
500000393,2000381114,8,2015-01-28,12,2015-02-11,,100000015,EUR,871.55,732.4,139.15,X,I,I
500000394,2000381115,20,2015-01-29,20,2015-02-12,,100000018,EUR,6543.8,5499,1044.8,N,I,I
500000395,2000381116,28,2015-01-30,23,2015-02-13,,100000012,EUR,113032.74,94985.5,18047.24,P,I,D
500000396,2000381117,17,2015-01-31,22,2015-02-14,,100000011,EUR,114.24,96,18.24,P,P,D
500000397,2000381118,10,2015-02-01,32,2015-02-15,,100000014,EUR,521.22,438,83.22,X,I,I
500000398,2000381119,18,2015-02-02,17,2015-02-16,,100000013,EUR,411.5,345.8,65.7,P,P,D
500000399,2000381120,24,2015-02-03,17,2015-02-17,,100000015,EUR,11379.97,9563,1816.97,X,I,I
500000400,2000381121,11,2015-02-04,10,2015-02-18,,100000028,EUR,26581.03,22337,4244.03,C,P,D
500000401,2000381122,16,2015-02-05,5,2015-02-19,,100000030,EUR,9417.66,7914,1503.66,P,I,I
500000402,2000381123,27,2015-02-06,16,2015-02-20,,100000031,EUR,5631.08,4732,899.08,N,I,I
500000403,2000381124,1,2015-02-07,26,2015-02-21,,100000032,EUR,1405.39,1181,224.39,X,I,I
500000404,2000381125,28,2015-02-08,25,2015-02-22,,100000032,EUR,761.24,639.7,121.54,P,P,I
500000405,2000381126,27,2015-02-09,11,2015-02-23,,100000033,EUR,101299.22,85125.4,16173.82,C,P,D
500000406,2000381127,28,2015-02-10,25,2015-02-24,,100000034,EUR,250.73,210.7,40.03,X,I,I
500000407,2000381128,25,2015-02-11,10,2015-02-25,,100000035,EUR,10549.35,8865,1684.35,X,I,I
500000408,2000381129,8,2015-02-12,19,2015-02-26,,100000027,EUR,195.16,164,31.16,X,I,I
500000409,2000381130,17,2015-02-13,20,2015-02-27,,100000028,EUR,3972.22,3338,634.22,C,P,D
500000410,2000381131,30,2015-02-14,16,2015-02-28,,100000030,EUR,3598.92,3024.3,574.62,C,P,D
500000411,2000381132,17,2015-02-15,3,2015-02-28,,100000035,EUR,325.94,273.9,52.04,X,I,I
500000412,2000381133,20,2015-02-16,8,2015-03-01,,100000031,EUR,24395,20500,3895,X,I,I
500000413,2000381134,19,2015-02-17,21,2015-03-02,,100000032,EUR,5527.55,4645,882.55,X,I,I
500000414,2000381135,11,2015-02-18,7,2015-03-03,,100000032,EUR,3459.33,2907,552.33,P,I,I
500000415,2000381136,22,2015-02-19,3,2015-03-04,,100000033,EUR,852.04,716,136.04,X,I,I
500000416,2000381137,3,2015-02-20,18,2015-03-05,,100000035,EUR,1916.5,1610.5,306,X,I,I
500000417,2000381138,5,2015-02-21,22,2015-03-06,,100000031,EUR,178.14,149.7,28.44,N,I,I
500000418,2000381139,28,2015-02-22,28,2015-03-07,,100000030,EUR,871.55,732.4,139.15,C,P,D
500000419,2000381140,30,2015-02-23,6,2015-03-08,,100000027,EUR,1028.15,864,164.15,N,I,I
500000420,2000381141,8,2015-02-24,10,2015-03-09,,100000028,EUR,5523.38,4641.5,881.88,P,P,D
500000421,2000381142,16,2015-02-25,10,2015-03-10,,100000030,EUR,187.54,157.6,29.94,X,I,I
500000422,2000381143,3,2015-02-26,10,2015-03-11,,100000032,EUR,521.22,438,83.22,P,I,I
500000423,2000381144,26,2015-02-27,20,2015-03-12,,100000033,EUR,411.5,345.8,65.7,C,P,D
500000424,2000381145,17,2015-02-28,16,2015-03-13,,100000031,EUR,11552.52,9708,1844.52,C,P,D
500000425,2000381146,20,2015-02-28,3,2015-03-14,,100000034,EUR,26581.03,22337,4244.03,N,I,I
500000426,2000381147,31,2015-03-01,5,2015-03-15,,100000034,EUR,9417.66,7914,1503.66,C,P,D
500000427,2000381148,14,2015-03-02,10,2015-03-16,,100000034,EUR,5631.08,4732,899.08,N,I,I
500000428,2000381149,19,2015-03-03,7,2015-03-17,,100000033,EUR,1405.39,1181,224.39,N,I,I
500000429,2000381150,24,2015-03-04,12,2015-03-18,,100000035,EUR,761.24,639.7,121.54,N,I,I
500000430,2000381151,19,2015-03-05,10,2015-03-19,,100000032,EUR,101299.22,85125.4,16173.82,C,P,D
500000431,2000381152,4,2015-03-06,15,2015-03-20,,100000035,EUR,250.73,210.7,40.03,C,P,D
500000432,2000381153,8,2015-03-07,28,2015-03-21,,100000032,EUR,10549.35,8865,1684.35,P,I,D
500000433,2000381154,16,2015-03-08,33,2015-03-22,,100000027,EUR,195.16,164,31.16,X,I,I
500000434,2000381155,29,2015-03-09,21,2015-03-23,,100000028,EUR,107100,90000,17100,X,I,I
500000435,2000381156,16,2015-03-10,30,2015-03-24,,100000030,EUR,4415.73,3710.7,705.03,C,P,D
500000436,2000381157,1,2015-03-11,5,2015-03-25,,100000034,EUR,325.94,273.9,52.04,N,I,I
500000437,2000381158,7,2015-03-12,15,2015-03-26,,100000031,EUR,24220.07,20353,3867.07,N,I,I
500000438,2000381159,25,2015-03-13,15,2015-03-27,,100000032,EUR,4499.87,3781.4,718.47,P,P,D
500000439,2000381160,5,2015-03-14,24,2015-03-28,,100000032,EUR,2727.24,2291.8,435.44,C,P,D
500000440,2000381161,14,2015-03-15,16,2015-03-29,,100000033,EUR,530.62,445.9,84.72,P,I,I
500000441,2000381162,9,2015-03-16,15,2015-03-30,,100000035,EUR,803.25,675,128.25,C,P,D
500000442,2000381163,17,2015-03-17,10,2015-03-31,,100000030,EUR,178.14,149.7,28.44,P,P,I
500000443,2000381164,30,2015-03-18,2,2015-04-01,,100000031,EUR,871.55,732.4,139.15,X,I,I
500000444,2000381165,21,2015-03-19,19,2015-04-02,,100000027,EUR,6543.8,5499,1044.8,X,I,I
500000445,2000381166,12,2015-03-20,30,2015-04-03,,100000028,EUR,113032.74,94985.5,18047.24,X,I,I
500000446,2000381167,5,2015-03-21,14,2015-04-04,,100000030,EUR,114.24,96,18.24,N,I,I
500000447,2000381168,16,2015-03-22,11,2015-04-05,,100000033,EUR,521.22,438,83.22,X,I,I
500000448,2000381169,1,2015-03-23,15,2015-04-06,,100000032,EUR,411.5,345.8,65.7,N,I,I
500000449,2000381170,28,2015-03-24,7,2015-04-07,,100000031,EUR,11379.97,9563,1816.97,P,P,I
500000450,2000381171,20,2015-03-25,30,2015-04-08,,100000044,EUR,26581.03,22337,4244.03,P,I,D
500000451,2000381172,11,2015-03-26,6,2015-04-09,,100000036,EUR,9417.66,7914,1503.66,X,I,I
500000452,2000381173,9,2015-03-27,19,2015-04-10,,100000038,EUR,5631.08,4732,899.08,N,I,I
500000453,2000381174,30,2015-03-28,4,2015-04-11,,100000037,EUR,1405.39,1181,224.39,C,P,D
500000454,2000381175,3,2015-03-29,13,2015-04-12,,100000037,EUR,761.24,639.7,121.54,C,P,D
500000455,2000381176,15,2015-03-30,11,2015-04-13,,100000042,EUR,101299.22,85125.4,16173.82,X,I,I
500000456,2000381177,16,2015-03-31,29,2015-04-14,,100000044,EUR,250.73,210.7,40.03,N,I,I
500000457,2000381178,1,2015-04-01,26,2015-04-15,,100000041,EUR,10549.35,8865,1684.35,C,P,D
500000458,2000381179,14,2015-04-02,21,2015-04-16,,100000043,EUR,195.16,164,31.16,P,P,D
500000459,2000381180,33,2015-04-03,29,2015-04-17,,100000044,EUR,3972.22,3338,634.22,N,I,I
500000460,2000381181,3,2015-04-04,9,2015-04-18,,100000036,EUR,3598.92,3024.3,574.62,N,I,I
500000461,2000381182,14,2015-04-05,25,2015-04-19,,100000041,EUR,325.94,273.9,52.04,N,I,I
500000462,2000381183,16,2015-04-06,18,2015-04-20,,100000038,EUR,24395,20500,3895,P,P,D
500000463,2000381184,11,2015-04-07,21,2015-04-21,,100000037,EUR,5527.55,4645,882.55,N,I,I
500000464,2000381185,7,2015-04-08,21,2015-04-22,,100000037,EUR,3459.33,2907,552.33,P,I,D
500000465,2000381186,13,2015-04-09,17,2015-04-23,,100000042,EUR,852.04,716,136.04,P,P,I
500000466,2000381187,27,2015-04-10,5,2015-04-24,,100000041,EUR,1916.5,1610.5,306,N,I,I
500000467,2000381188,16,2015-04-11,11,2015-04-25,,100000038,EUR,178.14,149.7,28.44,X,I,I
500000468,2000381189,2,2015-04-12,30,2015-04-26,,100000036,EUR,871.55,732.4,139.15,C,P,D
500000469,2000381190,16,2015-04-13,32,2015-04-27,,100000043,EUR,1028.15,864,164.15,N,I,I
500000470,2000381191,33,2015-04-14,7,2015-04-28,,100000044,EUR,5523.38,4641.5,881.88,P,P,D
500000471,2000381192,6,2015-04-15,33,2015-04-29,,100000036,EUR,187.54,157.6,29.94,P,I,I
500000472,2000381193,33,2015-04-16,7,2015-04-30,,100000037,EUR,521.22,438,83.22,N,I,I
500000473,2000381194,14,2015-04-17,4,2015-05-01,,100000042,EUR,411.5,345.8,65.7,P,P,D
500000474,2000381195,2,2015-04-18,11,2015-05-02,,100000038,EUR,11552.52,9708,1844.52,C,P,D
500000475,2000381196,30,2015-04-19,15,2015-05-03,,100000044,EUR,26581.03,22337,4244.03,X,I,I
500000476,2000381197,29,2015-04-20,17,2015-05-04,,100000044,EUR,9417.66,7914,1503.66,N,I,I
500000477,2000381198,21,2015-04-21,8,2015-05-05,,100000044,EUR,5631.08,4732,899.08,P,P,I
500000478,2000381199,12,2015-04-22,15,2015-05-06,,100000042,EUR,1405.39,1181,224.39,P,P,D
500000479,2000381200,25,2015-04-23,3,2015-05-07,,100000041,EUR,761.24,639.7,121.54,X,I,I
500000480,2000381201,4,2015-04-24,9,2015-05-08,,100000037,EUR,101299.22,85125.4,16173.82,X,I,I
500000481,2000381202,31,2015-04-25,20,2015-05-09,,100000041,EUR,250.73,210.7,40.03,N,I,I
500000482,2000381203,21,2015-04-26,21,2015-05-10,,100000037,EUR,10549.35,8865,1684.35,X,I,I
500000483,2000381204,26,2015-04-27,22,2015-05-11,,100000043,EUR,195.16,164,31.16,P,P,D
500000484,2000381205,12,2015-04-28,21,2015-05-12,,100000044,EUR,107100,90000,17100,P,P,D
500000485,2000381206,10,2015-04-29,22,2015-05-13,,100000036,EUR,4415.73,3710.7,705.03,N,I,I
500000486,2000381207,24,2015-04-30,29,2015-05-14,,100000044,EUR,325.94,273.9,52.04,X,I,I
500000487,2000381208,13,2015-05-01,9,2015-05-15,,100000038,EUR,24220.07,20353,3867.07,C,P,D
500000488,2000381209,5,2015-05-02,27,2015-05-16,,100000037,EUR,4499.87,3781.4,718.47,C,P,D
500000489,2000381210,27,2015-05-03,29,2015-05-17,,100000037,EUR,2727.24,2291.8,435.44,P,P,D
500000490,2000381211,15,2015-05-04,1,2015-05-18,,100000042,EUR,530.62,445.9,84.72,C,P,D
500000491,2000381212,8,2015-05-05,12,2015-05-19,,100000041,EUR,803.25,675,128.25,C,P,D
500000492,2000381213,11,2015-05-06,13,2015-05-20,,100000036,EUR,178.14,149.7,28.44,P,I,I
500000493,2000381214,22,2015-05-07,13,2015-05-21,,100000038,EUR,871.55,732.4,139.15,C,P,D
500000494,2000381215,26,2015-05-08,11,2015-05-22,,100000043,EUR,6543.8,5499,1044.8,P,I,I
500000495,2000381216,27,2015-05-09,22,2015-05-23,,100000044,EUR,113032.74,94985.5,18047.24,C,P,D
500000496,2000381217,27,2015-05-10,16,2015-05-24,,100000036,EUR,114.24,96,18.24,N,I,I
500000497,2000381218,29,2015-05-11,6,2015-05-25,,100000042,EUR,521.22,438,83.22,X,I,I
500000498,2000381219,24,2015-05-12,14,2015-05-26,,100000037,EUR,411.5,345.8,65.7,P,P,D
500000499,2000381220,31,2015-05-13,16,2015-05-27,,100000038,EUR,11379.97,9563,1816.97,P,I,D
500000500,2000381221,33,2015-05-14,31,2015-05-28,,100000000,EUR,26581.03,22337,4244.03,N,I,I
500000501,2000381222,9,2015-05-15,31,2015-05-29,,100000002,EUR,9417.66,7914,1503.66,N,I,I
500000502,2000381223,26,2015-05-16,19,2015-05-30,,100000005,EUR,5631.08,4732,899.08,P,I,D
500000503,2000381224,8,2015-05-17,11,2015-05-31,,100000006,EUR,1405.39,1181,224.39,C,P,D
500000504,2000381225,16,2015-05-18,26,2015-06-01,,100000006,EUR,761.24,639.7,121.54,C,P,D
500000505,2000381226,32,2015-05-19,13,2015-06-02,,100000008,EUR,101299.22,85125.4,16173.82,X,I,I
500000506,2000381227,18,2015-05-20,1,2015-06-03,,100000003,EUR,250.73,210.7,40.03,P,P,D
500000507,2000381228,2,2015-05-21,32,2015-06-04,,100000004,EUR,10549.35,8865,1684.35,C,P,D
500000508,2000381229,30,2015-05-22,19,2015-06-05,,100000009,EUR,195.16,164,31.16,P,P,D
500000509,2000381230,22,2015-05-23,1,2015-06-06,,100000000,EUR,3972.22,3338,634.22,X,I,I
500000510,2000381231,21,2015-05-24,8,2015-06-07,,100000002,EUR,3598.92,3024.3,574.62,N,I,I
500000511,2000381232,33,2015-05-25,2,2015-06-08,,100000004,EUR,325.94,273.9,52.04,X,I,I
500000512,2000381233,25,2015-05-26,32,2015-06-09,,100000005,EUR,24395,20500,3895,C,P,D
500000513,2000381234,19,2015-05-27,15,2015-06-10,,100000006,EUR,5527.55,4645,882.55,X,I,I
500000514,2000381235,30,2015-05-28,3,2015-06-11,,100000006,EUR,3459.33,2907,552.33,N,I,I
500000515,2000381236,21,2015-05-29,18,2015-06-12,,100000008,EUR,852.04,716,136.04,P,P,D
500000516,2000381237,19,2015-05-30,15,2015-06-13,,100000004,EUR,1916.5,1610.5,306,X,I,I
500000517,2000381238,20,2015-05-31,33,2015-06-14,,100000005,EUR,178.14,149.7,28.44,X,I,I
500000518,2000381239,25,2015-06-01,13,2015-06-15,,100000002,EUR,871.55,732.4,139.15,X,I,I
500000519,2000381240,33,2015-06-02,22,2015-06-16,,100000009,EUR,1028.15,864,164.15,C,P,D
500000520,2000381241,26,2015-06-03,33,2015-06-17,,100000000,EUR,5523.38,4641.5,881.88,X,I,I
500000521,2000381242,14,2015-06-04,32,2015-06-18,,100000002,EUR,187.54,157.6,29.94,N,I,I
500000522,2000381243,18,2015-06-05,22,2015-06-19,,100000006,EUR,521.22,438,83.22,P,I,I
500000523,2000381244,2,2015-06-06,21,2015-06-20,,100000008,EUR,411.5,345.8,65.7,N,I,I
500000524,2000381245,18,2015-06-07,6,2015-06-21,,100000005,EUR,11552.52,9708,1844.52,P,I,I
500000525,2000381246,23,2015-06-08,24,2015-06-22,,100000003,EUR,26581.03,22337,4244.03,N,I,I
500000526,2000381247,6,2015-06-09,2,2015-06-23,,100000003,EUR,9417.66,7914,1503.66,N,I,I
500000527,2000381248,18,2015-06-10,11,2015-06-24,,100000003,EUR,5631.08,4732,899.08,P,P,I
500000528,2000381249,7,2015-06-11,18,2015-06-25,,100000008,EUR,1405.39,1181,224.39,P,P,D
500000529,2000381250,28,2015-06-12,7,2015-06-26,,100000004,EUR,761.24,639.7,121.54,C,P,D
500000530,2000381251,24,2015-06-13,14,2015-06-27,,100000006,EUR,101299.22,85125.4,16173.82,C,P,D
500000531,2000381252,21,2015-06-14,21,2015-06-28,,100000004,EUR,250.73,210.7,40.03,X,I,I
500000532,2000381253,12,2015-06-15,31,2015-06-29,,100000006,EUR,10549.35,8865,1684.35,C,P,D
500000533,2000381254,27,2015-06-16,4,2015-06-30,,100000009,EUR,195.16,164,31.16,N,I,I
500000534,2000381255,2,2015-06-17,15,2015-07-01,,100000000,EUR,107100,90000,17100,N,I,I
500000535,2000381256,9,2015-06-18,8,2015-07-02,,100000002,EUR,4415.73,3710.7,705.03,X,I,I
500000536,2000381257,32,2015-06-19,13,2015-07-03,,100000003,EUR,325.94,273.9,52.04,N,I,I
500000537,2000381258,15,2015-06-20,23,2015-07-04,,100000005,EUR,24220.07,20353,3867.07,P,I,I
500000538,2000381259,15,2015-06-21,32,2015-07-05,,100000006,EUR,4499.87,3781.4,718.47,N,I,I
500000539,2000381260,2,2015-06-22,11,2015-07-06,,100000006,EUR,2727.24,2291.8,435.44,P,I,I
500000540,2000381261,7,2015-06-23,5,2015-07-07,,100000008,EUR,530.62,445.9,84.72,P,P,I
500000541,2000381262,13,2015-06-24,8,2015-07-08,,100000004,EUR,803.25,675,128.25,N,I,I
500000542,2000381263,2,2015-06-25,22,2015-07-09,,100000002,EUR,178.14,149.7,28.44,X,I,I
500000543,2000381264,5,2015-06-26,5,2015-07-10,,100000005,EUR,871.55,732.4,139.15,C,P,D
500000544,2000381265,23,2015-06-27,18,2015-07-11,,100000009,EUR,6543.8,5499,1044.8,C,P,D
500000545,2000381266,13,2015-06-28,7,2015-07-12,,100000000,EUR,113032.74,94985.5,18047.24,X,I,I
500000546,2000381267,6,2015-06-29,11,2015-07-13,,100000002,EUR,114.24,96,18.24,C,P,D
500000547,2000381268,3,2015-06-30,27,2015-07-14,,100000008,EUR,521.22,438,83.22,P,P,D
500000548,2000381269,13,2015-07-01,9,2015-07-15,,100000006,EUR,411.5,345.8,65.7,N,I,I
500000549,2000381270,33,2015-07-02,4,2015-07-16,,100000005,EUR,11379.97,9563,1816.97,N,I,I
500000550,2000381271,3,2015-07-03,12,2015-07-17,,100000026,EUR,26581.03,22337,4244.03,X,I,I
500000551,2000381272,32,2015-07-04,26,2015-07-18,,100000025,EUR,9417.66,7914,1503.66,X,I,I
500000552,2000381273,28,2015-07-05,24,2015-07-19,,100000022,EUR,5631.08,4732,899.08,C,P,D
500000553,2000381274,29,2015-07-06,11,2015-07-20,,100000024,EUR,1405.39,1181,224.39,N,I,I
500000554,2000381275,12,2015-07-07,2,2015-07-21,,100000024,EUR,761.24,639.7,121.54,P,P,D
500000555,2000381276,20,2015-07-08,6,2015-07-22,,100000021,EUR,101299.22,85125.4,16173.82,X,I,I
500000556,2000381277,33,2015-07-09,27,2015-07-23,,100000023,EUR,250.73,210.7,40.03,C,P,D
500000557,2000381278,6,2015-07-10,5,2015-07-24,,100000019,EUR,10549.35,8865,1684.35,C,P,D
500000558,2000381279,23,2015-07-11,22,2015-07-25,,100000026,EUR,195.16,164,31.16,P,P,I
500000559,2000381280,9,2015-07-12,5,2015-07-26,,100000026,EUR,3972.22,3338,634.22,X,I,I
500000560,2000381281,30,2015-07-13,18,2015-07-27,,100000025,EUR,3598.92,3024.3,574.62,P,P,I
500000561,2000381282,5,2015-07-14,33,2015-07-28,,100000019,EUR,325.94,273.9,52.04,N,I,I
500000562,2000381283,21,2015-07-15,15,2015-07-29,,100000022,EUR,24395,20500,3895,P,I,I
500000563,2000381284,15,2015-07-16,12,2015-07-30,,100000024,EUR,5527.55,4645,882.55,X,I,I
500000564,2000381285,22,2015-07-17,9,2015-07-31,,100000024,EUR,3459.33,2907,552.33,P,P,D
500000565,2000381286,3,2015-07-18,6,2015-08-01,,100000021,EUR,852.04,716,136.04,C,P,D
500000566,2000381287,11,2015-07-19,26,2015-08-02,,100000019,EUR,1916.5,1610.5,306,N,I,I
500000567,2000381288,23,2015-07-20,11,2015-08-03,,100000022,EUR,178.14,149.7,28.44,P,I,I
500000568,2000381289,11,2015-07-21,17,2015-08-04,,100000025,EUR,871.55,732.4,139.15,X,I,I
500000569,2000381290,27,2015-07-22,2,2015-08-05,,100000026,EUR,1028.15,864,164.15,N,I,I
500000570,2000381291,20,2015-07-23,17,2015-08-06,,100000026,EUR,5523.38,4641.5,881.88,X,I,I
500000571,2000381292,15,2015-07-24,28,2015-08-07,,100000025,EUR,187.54,157.6,29.94,X,I,I
500000572,2000381293,5,2015-07-25,21,2015-08-08,,100000024,EUR,521.22,438,83.22,X,I,I
500000573,2000381294,33,2015-07-26,6,2015-08-09,,100000021,EUR,411.5,345.8,65.7,N,I,I
500000574,2000381295,13,2015-07-27,33,2015-08-10,,100000022,EUR,11552.52,9708,1844.52,P,P,D
500000575,2000381296,14,2015-07-28,18,2015-08-11,,100000023,EUR,26581.03,22337,4244.03,C,P,D
500000576,2000381297,25,2015-07-29,33,2015-08-12,,100000023,EUR,9417.66,7914,1503.66,X,I,I
500000577,2000381298,25,2015-07-30,6,2015-08-13,,100000023,EUR,5631.08,4732,899.08,N,I,I
500000578,2000381299,10,2015-07-31,12,2015-08-14,,100000021,EUR,1405.39,1181,224.39,P,I,D
500000579,2000381300,12,2015-08-01,31,2015-08-15,,100000019,EUR,761.24,639.7,121.54,C,P,D
500000580,2000381301,15,2015-08-02,13,2015-08-16,,100000024,EUR,101299.22,85125.4,16173.82,N,I,I
500000581,2000381302,8,2015-08-03,7,2015-08-17,,100000019,EUR,250.73,210.7,40.03,N,I,I
500000582,2000381303,4,2015-08-04,13,2015-08-18,,100000024,EUR,10549.35,8865,1684.35,N,I,I
500000583,2000381304,22,2015-08-05,16,2015-08-19,,100000026,EUR,195.16,164,31.16,P,P,D
500000584,2000381305,13,2015-08-06,32,2015-08-20,,100000026,EUR,107100,90000,17100,P,I,I
500000585,2000381306,28,2015-08-07,16,2015-08-21,,100000025,EUR,4415.73,3710.7,705.03,P,I,I
500000586,2000381307,17,2015-08-08,32,2015-08-22,,100000023,EUR,325.94,273.9,52.04,N,I,I
500000587,2000381308,26,2015-08-09,6,2015-08-23,,100000022,EUR,24220.07,20353,3867.07,P,I,D
500000588,2000381309,13,2015-08-10,25,2015-08-24,,100000024,EUR,4499.87,3781.4,718.47,P,P,D
500000589,2000381310,2,2015-08-11,28,2015-08-25,,100000024,EUR,2727.24,2291.8,435.44,C,P,D
500000590,2000381311,5,2015-08-12,7,2015-08-26,,100000021,EUR,530.62,445.9,84.72,N,I,I
500000591,2000381312,26,2015-08-13,20,2015-08-27,,100000019,EUR,803.25,675,128.25,C,P,D
500000592,2000381313,7,2015-08-14,2,2015-08-28,,100000025,EUR,178.14,149.7,28.44,P,P,D
500000593,2000381314,21,2015-08-15,23,2015-08-29,,100000022,EUR,871.55,732.4,139.15,X,I,I
500000594,2000381315,23,2015-08-16,17,2015-08-30,,100000026,EUR,6543.8,5499,1044.8,X,I,I
500000595,2000381316,14,2015-08-17,30,2015-08-31,,100000026,EUR,113032.74,94985.5,18047.24,X,I,I
500000596,2000381317,3,2015-08-18,1,2015-09-01,,100000025,EUR,114.24,96,18.24,P,P,D
500000597,2000381318,31,2015-08-19,4,2015-09-02,,100000021,EUR,521.22,438,83.22,N,I,I
500000598,2000381319,14,2015-08-20,7,2015-09-03,,100000024,EUR,411.5,345.8,65.7,X,I,I
500000599,2000381320,1,2015-08-21,24,2015-09-04,,100000022,EUR,11379.97,9563,1816.97,P,P,I
500000600,2000381321,2,2015-08-22,15,2015-09-05,,100000012,EUR,26581.03,22337,4244.03,N,I,I
500000601,2000381322,27,2015-08-23,9,2015-09-06,,100000011,EUR,9417.66,7914,1503.66,X,I,I
500000602,2000381323,8,2015-08-24,21,2015-09-07,,100000015,EUR,5631.08,4732,899.08,P,P,D
500000603,2000381324,12,2015-08-25,17,2015-09-08,,100000013,EUR,1405.39,1181,224.39,P,P,D
500000604,2000381325,7,2015-08-26,22,2015-09-09,,100000013,EUR,761.24,639.7,121.54,X,I,I
500000605,2000381326,21,2015-08-27,16,2015-09-10,,100000014,EUR,101299.22,85125.4,16173.82,C,P,D
500000606,2000381327,13,2015-08-28,11,2015-09-11,,100000016,EUR,250.73,210.7,40.03,X,I,I
500000607,2000381328,30,2015-08-29,24,2015-09-12,,100000017,EUR,10549.35,8865,1684.35,C,P,D
500000608,2000381329,32,2015-08-30,15,2015-09-13,,100000018,EUR,195.16,164,31.16,C,P,D
500000609,2000381330,27,2015-08-31,22,2015-09-14,,100000012,EUR,3972.22,3338,634.22,X,I,I
500000610,2000381331,13,2015-09-01,29,2015-09-15,,100000011,EUR,3598.92,3024.3,574.62,P,P,I
500000611,2000381332,7,2015-09-02,14,2015-09-16,,100000017,EUR,325.94,273.9,52.04,N,I,I
500000612,2000381333,3,2015-09-03,33,2015-09-17,,100000015,EUR,24395,20500,3895,X,I,I
500000613,2000381334,5,2015-09-04,17,2015-09-18,,100000013,EUR,5527.55,4645,882.55,X,I,I
500000614,2000381335,25,2015-09-05,14,2015-09-19,,100000013,EUR,3459.33,2907,552.33,N,I,I
500000615,2000381336,28,2015-09-06,11,2015-09-20,,100000014,EUR,852.04,716,136.04,C,P,D
500000616,2000381337,19,2015-09-07,7,2015-09-21,,100000017,EUR,1916.5,1610.5,306,C,P,D
500000617,2000381338,8,2015-09-08,22,2015-09-22,,100000015,EUR,178.14,149.7,28.44,P,P,I
500000618,2000381339,16,2015-09-09,16,2015-09-23,,100000011,EUR,871.55,732.4,139.15,C,P,D
500000619,2000381340,9,2015-09-10,10,2015-09-24,,100000018,EUR,1028.15,864,164.15,P,P,D
500000620,2000381341,4,2015-09-11,18,2015-09-25,,100000012,EUR,5523.38,4641.5,881.88,C,P,D
500000621,2000381342,26,2015-09-12,9,2015-09-26,,100000011,EUR,187.54,157.6,29.94,N,I,I
500000622,2000381343,22,2015-09-13,30,2015-09-27,,100000013,EUR,521.22,438,83.22,N,I,I
500000623,2000381344,17,2015-09-14,21,2015-09-28,,100000014,EUR,411.5,345.8,65.7,X,I,I
500000624,2000381345,16,2015-09-15,32,2015-09-29,,100000015,EUR,11552.52,9708,1844.52,X,I,I
500000625,2000381346,19,2015-09-16,19,2015-09-30,,100000016,EUR,26581.03,22337,4244.03,C,P,D
500000626,2000381347,25,2015-09-17,2,2015-10-01,,100000016,EUR,9417.66,7914,1503.66,N,I,I
500000627,2000381348,33,2015-09-18,19,2015-10-02,,100000016,EUR,5631.08,4732,899.08,C,P,D
500000628,2000381349,6,2015-09-19,19,2015-10-03,,100000014,EUR,1405.39,1181,224.39,N,I,I
500000629,2000381350,31,2015-09-20,4,2015-10-04,,100000017,EUR,761.24,639.7,121.54,N,I,I
500000630,2000381351,17,2015-09-21,1,2015-10-05,,100000013,EUR,101299.22,85125.4,16173.82,P,I,D
500000631,2000381352,14,2015-09-22,27,2015-10-06,,100000017,EUR,250.73,210.7,40.03,X,I,I
500000632,2000381353,1,2015-09-23,17,2015-10-07,,100000013,EUR,10549.35,8865,1684.35,N,I,I
500000633,2000381354,2,2015-09-24,3,2015-10-08,,100000018,EUR,195.16,164,31.16,P,I,D
500000634,2000381355,31,2015-09-25,32,2015-10-09,,100000012,EUR,107100,90000,17100,P,P,D
500000635,2000381356,19,2015-09-26,10,2015-10-10,,100000011,EUR,4415.73,3710.7,705.03,C,P,D
500000636,2000381357,22,2015-09-27,27,2015-10-11,,100000016,EUR,325.94,273.9,52.04,P,P,D
500000637,2000381358,31,2015-09-28,23,2015-10-12,,100000015,EUR,24220.07,20353,3867.07,X,I,I
500000638,2000381359,30,2015-09-29,11,2015-10-13,,100000013,EUR,4499.87,3781.4,718.47,P,P,I
500000639,2000381360,28,2015-09-30,28,2015-10-14,,100000013,EUR,2727.24,2291.8,435.44,X,I,I
500000640,2000381361,27,2015-10-01,1,2015-10-15,,100000014,EUR,530.62,445.9,84.72,N,I,I
500000641,2000381362,24,2015-10-02,27,2015-10-16,,100000017,EUR,803.25,675,128.25,N,I,I
500000642,2000381363,32,2015-10-03,22,2015-10-17,,100000011,EUR,178.14,149.7,28.44,C,P,D
500000643,2000381364,7,2015-10-04,6,2015-10-18,,100000015,EUR,871.55,732.4,139.15,P,I,I
500000644,2000381365,17,2015-10-05,22,2015-10-19,,100000018,EUR,6543.8,5499,1044.8,P,P,D
500000645,2000381366,8,2015-10-06,13,2015-10-20,,100000012,EUR,113032.74,94985.5,18047.24,C,P,D
500000646,2000381367,20,2015-10-07,14,2015-10-21,,100000011,EUR,114.24,96,18.24,P,P,D
500000647,2000381368,26,2015-10-08,28,2015-10-22,,100000014,EUR,521.22,438,83.22,N,I,I
500000648,2000381369,24,2015-10-09,13,2015-10-23,,100000013,EUR,411.5,345.8,65.7,X,I,I
500000649,2000381370,16,2015-10-10,9,2015-10-24,,100000015,EUR,11379.97,9563,1816.97,P,P,I
500000650,2000381371,9,2015-10-11,12,2015-10-25,,100000028,EUR,26581.03,22337,4244.03,X,I,I
500000651,2000381372,25,2015-10-12,22,2015-10-26,,100000030,EUR,9417.66,7914,1503.66,C,P,D
500000652,2000381373,9,2015-10-13,25,2015-10-27,,100000031,EUR,5631.08,4732,899.08,N,I,I
500000653,2000381374,28,2015-10-14,5,2015-10-28,,100000032,EUR,1405.39,1181,224.39,P,I,I
500000654,2000381375,14,2015-10-15,15,2015-10-29,,100000032,EUR,761.24,639.7,121.54,P,I,I
500000655,2000381376,33,2015-10-16,16,2015-10-30,,100000033,EUR,101299.22,85125.4,16173.82,P,P,I
500000656,2000381377,9,2015-10-17,25,2015-10-31,,100000034,EUR,250.73,210.7,40.03,P,I,I
500000657,2000381378,24,2015-10-18,7,2015-11-01,,100000035,EUR,10549.35,8865,1684.35,P,I,I
500000658,2000381379,32,2015-10-19,33,2015-11-02,,100000027,EUR,195.16,164,31.16,P,P,D
500000659,2000381380,20,2015-10-20,3,2015-11-03,,100000028,EUR,3972.22,3338,634.22,C,P,D
500000660,2000381381,27,2015-10-21,26,2015-11-04,,100000030,EUR,3598.92,3024.3,574.62,X,I,I
500000661,2000381382,31,2015-10-22,2,2015-11-05,,100000035,EUR,325.94,273.9,52.04,C,P,D
500000662,2000381383,16,2015-10-23,24,2015-11-06,,100000031,EUR,24395,20500,3895,C,P,D
500000663,2000381384,27,2015-10-24,8,2015-11-07,,100000032,EUR,5527.55,4645,882.55,P,I,D
500000664,2000381385,9,2015-10-25,7,2015-11-08,,100000032,EUR,3459.33,2907,552.33,P,P,D
500000665,2000381386,19,2015-10-26,11,2015-11-09,,100000033,EUR,852.04,716,136.04,C,P,D
500000666,2000381387,7,2015-10-27,29,2015-11-10,,100000035,EUR,1916.5,1610.5,306,X,I,I
500000667,2000381388,15,2015-10-28,17,2015-11-11,,100000031,EUR,178.14,149.7,28.44,C,P,D
500000668,2000381389,20,2015-10-29,28,2015-11-12,,100000030,EUR,871.55,732.4,139.15,N,I,I
500000669,2000381390,4,2015-10-30,33,2015-11-13,,100000027,EUR,1028.15,864,164.15,X,I,I
500000670,2000381391,16,2015-10-31,16,2015-11-14,,100000028,EUR,5523.38,4641.5,881.88,C,P,D
500000671,2000381392,32,2015-11-01,27,2015-11-15,,100000030,EUR,187.54,157.6,29.94,N,I,I
500000672,2000381393,21,2015-11-02,14,2015-11-16,,100000032,EUR,521.22,438,83.22,C,P,D
500000673,2000381394,21,2015-11-03,13,2015-11-17,,100000033,EUR,411.5,345.8,65.7,X,I,I
500000674,2000381395,14,2015-11-04,33,2015-11-18,,100000031,EUR,11552.52,9708,1844.52,P,I,I
500000675,2000381396,8,2015-11-05,30,2015-11-19,,100000034,EUR,26581.03,22337,4244.03,X,I,I
500000676,2000381397,11,2015-11-06,30,2015-11-20,,100000034,EUR,9417.66,7914,1503.66,X,I,I
500000677,2000381398,12,2015-11-07,5,2015-11-21,,100000034,EUR,5631.08,4732,899.08,C,P,D
500000678,2000381399,25,2015-11-08,32,2015-11-22,,100000033,EUR,1405.39,1181,224.39,C,P,D
500000679,2000381400,24,2015-11-09,14,2015-11-23,,100000035,EUR,761.24,639.7,121.54,C,P,D
500000680,2000381401,14,2015-11-10,20,2015-11-24,,100000032,EUR,101299.22,85125.4,16173.82,X,I,I
500000681,2000381402,22,2015-11-11,29,2015-11-25,,100000035,EUR,250.73,210.7,40.03,C,P,D
500000682,2000381403,4,2015-11-12,23,2015-11-26,,100000032,EUR,10549.35,8865,1684.35,C,P,D
500000683,2000381404,19,2015-11-13,5,2015-11-27,,100000027,EUR,195.16,164,31.16,X,I,I
500000684,2000381405,11,2015-11-14,32,2015-11-28,,100000028,EUR,107100,90000,17100,N,I,I
500000685,2000381406,22,2015-11-15,20,2015-11-29,,100000030,EUR,4415.73,3710.7,705.03,C,P,D
500000686,2000381407,2,2015-11-16,13,2015-11-30,,100000034,EUR,325.94,273.9,52.04,X,I,I
500000687,2000381408,31,2015-11-17,27,2015-12-01,,100000031,EUR,24220.07,20353,3867.07,N,I,I
500000688,2000381409,2,2015-11-18,3,2015-12-02,,100000032,EUR,4499.87,3781.4,718.47,N,I,I
500000689,2000381410,14,2015-11-19,6,2015-12-03,,100000032,EUR,2727.24,2291.8,435.44,N,I,I
500000690,2000381411,1,2015-11-20,32,2015-12-04,,100000033,EUR,530.62,445.9,84.72,C,P,D
500000691,2000381412,4,2015-11-21,31,2015-12-05,,100000035,EUR,803.25,675,128.25,C,P,D
500000692,2000381413,22,2015-11-22,5,2015-12-06,,100000030,EUR,178.14,149.7,28.44,N,I,I
500000693,2000381414,28,2015-11-23,30,2015-12-07,,100000031,EUR,871.55,732.4,139.15,C,P,D
500000694,2000381415,1,2015-11-24,32,2015-12-08,,100000027,EUR,6543.8,5499,1044.8,X,I,I
500000695,2000381416,32,2015-11-25,3,2015-12-09,,100000028,EUR,113032.74,94985.5,18047.24,N,I,I
500000696,2000381417,33,2015-11-26,7,2015-12-10,,100000030,EUR,114.24,96,18.24,X,I,I
500000697,2000381418,7,2015-11-27,6,2015-12-11,,100000033,EUR,521.22,438,83.22,P,I,I
500000698,2000381419,8,2015-11-28,16,2015-12-12,,100000032,EUR,411.5,345.8,65.7,C,P,D
500000699,2000381420,27,2015-11-29,23,2015-12-13,,100000031,EUR,11379.97,9563,1816.97,P,P,D
500000700,2000381421,20,2015-11-30,24,2015-12-14,,100000044,EUR,26581.03,22337,4244.03,X,I,I
500000701,2000381422,27,2015-12-01,5,2015-12-15,,100000036,EUR,9417.66,7914,1503.66,C,P,D
500000702,2000381423,23,2015-12-02,22,2015-12-16,,100000038,EUR,5631.08,4732,899.08,C,P,D
500000703,2000381424,11,2015-12-03,21,2015-12-17,,100000037,EUR,1405.39,1181,224.39,C,P,D
500000704,2000381425,1,2015-12-04,11,2015-12-18,,100000037,EUR,761.24,639.7,121.54,N,I,I
500000705,2000381426,24,2015-12-05,12,2015-12-19,,100000042,EUR,101299.22,85125.4,16173.82,P,P,I
500000706,2000381427,28,2015-12-06,7,2015-12-20,,100000044,EUR,250.73,210.7,40.03,X,I,I
500000707,2000381428,17,2015-12-07,17,2015-12-21,,100000041,EUR,10549.35,8865,1684.35,X,I,I
500000708,2000381429,32,2015-12-08,7,2015-12-22,,100000043,EUR,195.16,164,31.16,X,I,I
500000709,2000381430,1,2015-12-09,23,2015-12-23,,100000044,EUR,3972.22,3338,634.22,X,I,I
500000710,2000381431,1,2015-12-10,32,2015-12-24,,100000036,EUR,3598.92,3024.3,574.62,P,P,I
500000711,2000381432,21,2015-12-11,27,2015-12-25,,100000041,EUR,325.94,273.9,52.04,C,P,D
500000712,2000381433,33,2015-12-12,17,2015-12-26,,100000038,EUR,24395,20500,3895,P,P,I
500000713,2000381434,26,2015-12-13,27,2015-12-27,,100000037,EUR,5527.55,4645,882.55,P,I,D
500000714,2000381435,29,2015-12-14,6,2015-12-28,,100000037,EUR,3459.33,2907,552.33,X,I,I
500000715,2000381436,24,2015-12-15,19,2015-12-29,,100000042,EUR,852.04,716,136.04,P,I,D
500000716,2000381437,7,2015-12-16,20,2015-12-30,,100000041,EUR,1916.5,1610.5,306,X,I,I
500000717,2000381438,4,2015-12-17,30,2015-12-31,,100000038,EUR,178.14,149.7,28.44,X,I,I
500000718,2000381439,24,2015-12-18,25,2014-01-01,,100000036,EUR,871.55,732.4,139.15,N,I,I
500000719,2000381440,19,2015-12-19,21,2014-01-02,,100000043,EUR,1028.15,864,164.15,N,I,I
500000720,2000381441,26,2015-12-20,6,2014-01-03,,100000044,EUR,5523.38,4641.5,881.88,N,I,I
500000721,2000381442,4,2015-12-21,23,2014-01-04,,100000036,EUR,187.54,157.6,29.94,N,I,I
500000722,2000381443,28,2015-12-22,15,2014-01-05,,100000037,EUR,521.22,438,83.22,C,P,D
500000723,2000381444,12,2015-12-23,29,2014-01-06,,100000042,EUR,411.5,345.8,65.7,X,I,I
500000724,2000381445,27,2015-12-24,28,2014-01-07,,100000038,EUR,11552.52,9708,1844.52,N,I,I
500000725,2000381446,19,2015-12-25,26,2014-01-08,,100000044,EUR,26581.03,22337,4244.03,X,I,I
500000726,2000381447,5,2015-12-26,24,2014-01-09,,100000044,EUR,9417.66,7914,1503.66,C,P,D
500000727,2000381448,29,2015-12-27,29,2014-01-10,,100000044,EUR,5631.08,4732,899.08,N,I,I
500000728,2000381449,21,2015-12-28,14,2014-01-11,,100000042,EUR,1405.39,1181,224.39,N,I,I
500000729,2000381450,1,2015-12-29,28,2014-01-12,,100000041,EUR,761.24,639.7,121.54,C,P,D
500000730,2000381451,5,2015-12-30,30,2014-01-13,,100000037,EUR,101299.22,85125.4,16173.82,C,P,D
500000731,2000381452,9,2015-12-31,19,2014-01-14,,100000041,EUR,250.73,210.7,40.03,P,P,I
500000732,2000381453,32,2015-01-01,33,2015-01-15,,100000037,EUR,10549.35,8865,1684.35,P,I,I
500000733,2000381454,11,2015-01-02,9,2015-01-16,,100000043,EUR,195.16,164,31.16,P,I,D
500000734,2000381455,29,2015-01-03,1,2015-01-17,,100000044,EUR,107100,90000,17100,C,P,D
500000735,2000381456,13,2015-01-04,28,2015-01-18,,100000036,EUR,4415.73,3710.7,705.03,N,I,I
500000736,2000381457,29,2015-01-05,16,2015-01-19,,100000044,EUR,325.94,273.9,52.04,C,P,D
500000737,2000381458,5,2015-01-06,22,2015-01-20,,100000038,EUR,24220.07,20353,3867.07,C,P,D
500000738,2000381459,23,2015-01-07,8,2015-01-21,,100000037,EUR,4499.87,3781.4,718.47,X,I,I
500000739,2000381460,24,2015-01-08,7,2015-01-22,,100000037,EUR,2727.24,2291.8,435.44,X,I,I
500000740,2000381461,9,2015-01-09,10,2015-01-23,,100000042,EUR,530.62,445.9,84.72,X,I,I
500000741,2000381462,31,2015-01-10,33,2015-01-24,,100000041,EUR,803.25,675,128.25,X,I,I
500000742,2000381463,21,2015-01-11,2,2015-01-25,,100000036,EUR,178.14,149.7,28.44,N,I,I
500000743,2000381464,20,2015-01-12,24,2015-01-26,,100000038,EUR,871.55,732.4,139.15,P,P,D
500000744,2000381465,6,2015-01-13,16,2015-01-27,,100000043,EUR,6543.8,5499,1044.8,P,P,D
500000745,2000381466,8,2015-01-14,23,2015-01-28,,100000044,EUR,113032.74,94985.5,18047.24,X,I,I
500000746,2000381467,10,2015-01-15,12,2015-01-29,,100000036,EUR,114.24,96,18.24,X,I,I
500000747,2000381468,7,2015-01-16,26,2015-01-30,,100000042,EUR,521.22,438,83.22,P,P,I
500000748,2000381469,23,2015-01-17,4,2015-01-31,,100000037,EUR,411.5,345.8,65.7,X,I,I
500000749,2000381470,21,2015-01-18,19,2015-02-01,,100000038,EUR,11379.97,9563,1816.97,P,I,D
500000750,2000381471,26,2015-01-19,1,2015-02-02,,100000000,EUR,26581.03,22337,4244.03,X,I,I
500000751,2000381472,8,2015-01-20,1,2015-02-03,,100000002,EUR,9417.66,7914,1503.66,C,P,D
500000752,2000381473,31,2015-01-21,20,2015-02-04,,100000005,EUR,5631.08,4732,899.08,C,P,D
500000753,2000381474,15,2015-01-22,22,2015-02-05,,100000006,EUR,1405.39,1181,224.39,X,I,I
500000754,2000381475,18,2015-01-23,28,2015-02-06,,100000006,EUR,761.24,639.7,121.54,N,I,I
500000755,2000381476,21,2015-01-24,18,2015-02-07,,100000008,EUR,101299.22,85125.4,16173.82,C,P,D
500000756,2000381477,8,2015-01-25,24,2015-02-08,,100000003,EUR,250.73,210.7,40.03,P,P,I
500000757,2000381478,25,2015-01-26,9,2015-02-09,,100000004,EUR,10549.35,8865,1684.35,N,I,I
500000758,2000381479,18,2015-01-27,15,2015-02-10,,100000009,EUR,195.16,164,31.16,P,P,I
500000759,2000381480,30,2015-01-28,4,2015-02-11,,100000000,EUR,3972.22,3338,634.22,X,I,I
500000760,2000381481,21,2015-01-29,13,2015-02-12,,100000002,EUR,3598.92,3024.3,574.62,C,P,D
500000761,2000381482,7,2015-01-30,18,2015-02-13,,100000004,EUR,325.94,273.9,52.04,P,P,D
500000762,2000381483,17,2015-01-31,33,2015-02-14,,100000005,EUR,24395,20500,3895,P,I,I
500000763,2000381484,25,2015-02-01,27,2015-02-15,,100000006,EUR,5527.55,4645,882.55,P,I,D
500000764,2000381485,27,2015-02-02,14,2015-02-16,,100000006,EUR,3459.33,2907,552.33,P,I,D
500000765,2000381486,7,2015-02-03,21,2015-02-17,,100000008,EUR,852.04,716,136.04,P,P,D
500000766,2000381487,11,2015-02-04,26,2015-02-18,,100000004,EUR,1916.5,1610.5,306,P,I,I
500000767,2000381488,2,2015-02-05,12,2015-02-19,,100000005,EUR,178.14,149.7,28.44,N,I,I
500000768,2000381489,10,2015-02-06,7,2015-02-20,,100000002,EUR,871.55,732.4,139.15,C,P,D
500000769,2000381490,5,2015-02-07,20,2015-02-21,,100000009,EUR,1028.15,864,164.15,X,I,I
500000770,2000381491,19,2015-02-08,30,2015-02-22,,100000000,EUR,5523.38,4641.5,881.88,N,I,I
500000771,2000381492,9,2015-02-09,32,2015-02-23,,100000002,EUR,187.54,157.6,29.94,C,P,D
500000772,2000381493,7,2015-02-10,32,2015-02-24,,100000006,EUR,521.22,438,83.22,X,I,I
500000773,2000381494,19,2015-02-11,7,2015-02-25,,100000008,EUR,411.5,345.8,65.7,N,I,I
500000774,2000381495,20,2015-02-12,4,2015-02-26,,100000005,EUR,11552.52,9708,1844.52,C,P,D
500000775,2000381496,26,2015-02-13,12,2015-02-27,,100000003,EUR,26581.03,22337,4244.03,C,P,D
500000776,2000381497,9,2015-02-14,24,2015-02-28,,100000003,EUR,9417.66,7914,1503.66,C,P,D
500000777,2000381498,14,2015-02-15,3,2015-02-28,,100000003,EUR,5631.08,4732,899.08,N,I,I
500000778,2000381499,6,2015-02-16,29,2015-03-01,,100000008,EUR,1405.39,1181,224.39,C,P,D
500000779,2000381500,24,2015-02-17,20,2015-03-02,,100000004,EUR,761.24,639.7,121.54,C,P,D
500000780,2000381501,16,2015-02-18,19,2015-03-03,,100000006,EUR,101299.22,85125.4,16173.82,C,P,D
500000781,2000381502,12,2015-02-19,27,2015-03-04,,100000004,EUR,250.73,210.7,40.03,X,I,I
500000782,2000381503,25,2015-02-20,16,2015-03-05,,100000006,EUR,10549.35,8865,1684.35,C,P,D
500000783,2000381504,10,2015-02-21,1,2015-03-06,,100000009,EUR,195.16,164,31.16,P,I,I
500000784,2000381505,23,2015-02-22,5,2015-03-07,,100000000,EUR,107100,90000,17100,C,P,D
500000785,2000381506,28,2015-02-23,27,2015-03-08,,100000002,EUR,4415.73,3710.7,705.03,X,I,I
500000786,2000381507,6,2015-02-24,13,2015-03-09,,100000003,EUR,325.94,273.9,52.04,X,I,I
500000787,2000381508,28,2015-02-25,12,2015-03-10,,100000005,EUR,24220.07,20353,3867.07,C,P,D
500000788,2000381509,7,2015-02-26,18,2015-03-11,,100000006,EUR,4499.87,3781.4,718.47,C,P,D
500000789,2000381510,27,2015-02-27,26,2015-03-12,,100000006,EUR,2727.24,2291.8,435.44,X,I,I
500000790,2000381511,29,2015-02-28,33,2015-03-13,,100000008,EUR,530.62,445.9,84.72,C,P,D
500000791,2000381512,10,2015-02-28,6,2015-03-14,,100000004,EUR,803.25,675,128.25,C,P,D
500000792,2000381513,26,2015-03-01,20,2015-03-15,,100000002,EUR,178.14,149.7,28.44,N,I,I
500000793,2000381514,15,2015-03-02,11,2015-03-16,,100000005,EUR,871.55,732.4,139.15,P,P,D
500000794,2000381515,17,2015-03-03,18,2015-03-17,,100000009,EUR,6543.8,5499,1044.8,P,I,I
500000795,2000381516,10,2015-03-04,10,2015-03-18,,100000000,EUR,113032.74,94985.5,18047.24,X,I,I
500000796,2000381517,32,2015-03-05,16,2015-03-19,,100000002,EUR,114.24,96,18.24,C,P,D
500000797,2000381518,13,2015-03-06,5,2015-03-20,,100000008,EUR,521.22,438,83.22,C,P,D
500000798,2000381519,26,2015-03-07,19,2015-03-21,,100000006,EUR,411.5,345.8,65.7,C,P,D
500000799,2000381520,21,2015-03-08,17,2015-03-22,,100000005,EUR,11379.97,9563,1816.97,N,I,I
500000800,2000381521,22,2015-03-09,9,2015-03-23,,100000026,EUR,26581.03,22337,4244.03,X,I,I
500000801,2000381522,11,2015-03-10,26,2015-03-24,,100000025,EUR,9417.66,7914,1503.66,X,I,I
500000802,2000381523,18,2015-03-11,6,2015-03-25,,100000022,EUR,5631.08,4732,899.08,N,I,I
500000803,2000381524,19,2015-03-12,31,2015-03-26,,100000024,EUR,1405.39,1181,224.39,C,P,D
500000804,2000381525,11,2015-03-13,22,2015-03-27,,100000024,EUR,761.24,639.7,121.54,P,P,D
500000805,2000381526,1,2015-03-14,13,2015-03-28,,100000021,EUR,101299.22,85125.4,16173.82,P,I,I
500000806,2000381527,26,2015-03-15,21,2015-03-29,,100000023,EUR,250.73,210.7,40.03,P,P,I
500000807,2000381528,10,2015-03-16,16,2015-03-30,,100000019,EUR,10549.35,8865,1684.35,C,P,D
500000808,2000381529,7,2015-03-17,26,2015-03-31,,100000026,EUR,195.16,164,31.16,X,I,I
500000809,2000381530,5,2015-03-18,13,2015-04-01,,100000026,EUR,3972.22,3338,634.22,N,I,I
500000810,2000381531,19,2015-03-19,6,2015-04-02,,100000025,EUR,3598.92,3024.3,574.62,C,P,D
500000811,2000381532,32,2015-03-20,8,2015-04-03,,100000019,EUR,325.94,273.9,52.04,P,P,D
500000812,2000381533,33,2015-03-21,1,2015-04-04,,100000022,EUR,24395,20500,3895,P,I,D
500000813,2000381534,16,2015-03-22,12,2015-04-05,,100000024,EUR,5527.55,4645,882.55,P,I,D
500000814,2000381535,14,2015-03-23,1,2015-04-06,,100000024,EUR,3459.33,2907,552.33,N,I,I
500000815,2000381536,28,2015-03-24,26,2015-04-07,,100000021,EUR,852.04,716,136.04,P,P,I
500000816,2000381537,26,2015-03-25,21,2015-04-08,,100000019,EUR,1916.5,1610.5,306,N,I,I
500000817,2000381538,12,2015-03-26,23,2015-04-09,,100000022,EUR,178.14,149.7,28.44,P,I,I
500000818,2000381539,11,2015-03-27,12,2015-04-10,,100000025,EUR,871.55,732.4,139.15,N,I,I
500000819,2000381540,3,2015-03-28,5,2015-04-11,,100000026,EUR,1028.15,864,164.15,X,I,I
500000820,2000381541,18,2015-03-29,14,2015-04-12,,100000026,EUR,5523.38,4641.5,881.88,X,I,I
500000821,2000381542,26,2015-03-30,18,2015-04-13,,100000025,EUR,187.54,157.6,29.94,P,P,D
500000822,2000381543,23,2015-03-31,5,2015-04-14,,100000024,EUR,521.22,438,83.22,N,I,I
500000823,2000381544,25,2015-04-01,23,2015-04-15,,100000021,EUR,411.5,345.8,65.7,N,I,I
500000824,2000381545,12,2015-04-02,12,2015-04-16,,100000022,EUR,11552.52,9708,1844.52,X,I,I
500000825,2000381546,7,2015-04-03,13,2015-04-17,,100000023,EUR,26581.03,22337,4244.03,P,P,I
500000826,2000381547,19,2015-04-04,7,2015-04-18,,100000023,EUR,9417.66,7914,1503.66,P,P,D
500000827,2000381548,24,2015-04-05,26,2015-04-19,,100000023,EUR,5631.08,4732,899.08,P,P,I
500000828,2000381549,21,2015-04-06,28,2015-04-20,,100000021,EUR,1405.39,1181,224.39,N,I,I
500000829,2000381550,26,2015-04-07,14,2015-04-21,,100000019,EUR,761.24,639.7,121.54,C,P,D
500000830,2000381551,16,2015-04-08,10,2015-04-22,,100000024,EUR,101299.22,85125.4,16173.82,N,I,I
500000831,2000381552,15,2015-04-09,18,2015-04-23,,100000019,EUR,250.73,210.7,40.03,X,I,I
500000832,2000381553,19,2015-04-10,14,2015-04-24,,100000024,EUR,10549.35,8865,1684.35,X,I,I
500000833,2000381554,13,2015-04-11,16,2015-04-25,,100000026,EUR,195.16,164,31.16,X,I,I
500000834,2000381555,32,2015-04-12,33,2015-04-26,,100000026,EUR,107100,90000,17100,P,P,D
500000835,2000381556,12,2015-04-13,27,2015-04-27,,100000025,EUR,4415.73,3710.7,705.03,P,I,I
500000836,2000381557,4,2015-04-14,18,2015-04-28,,100000023,EUR,325.94,273.9,52.04,N,I,I
500000837,2000381558,18,2015-04-15,29,2015-04-29,,100000022,EUR,24220.07,20353,3867.07,P,P,D
500000838,2000381559,15,2015-04-16,1,2015-04-30,,100000024,EUR,4499.87,3781.4,718.47,N,I,I
500000839,2000381560,25,2015-04-17,30,2015-05-01,,100000024,EUR,2727.24,2291.8,435.44,X,I,I
500000840,2000381561,6,2015-04-18,27,2015-05-02,,100000021,EUR,530.62,445.9,84.72,N,I,I
500000841,2000381562,33,2015-04-19,13,2015-05-03,,100000019,EUR,803.25,675,128.25,P,I,I
500000842,2000381563,16,2015-04-20,22,2015-05-04,,100000025,EUR,178.14,149.7,28.44,N,I,I
500000843,2000381564,1,2015-04-21,14,2015-05-05,,100000022,EUR,871.55,732.4,139.15,N,I,I
500000844,2000381565,4,2015-04-22,28,2015-05-06,,100000026,EUR,6543.8,5499,1044.8,N,I,I
500000845,2000381566,30,2015-04-23,12,2015-05-07,,100000026,EUR,113032.74,94985.5,18047.24,P,P,I
500000846,2000381567,19,2015-04-24,13,2015-05-08,,100000025,EUR,114.24,96,18.24,C,P,D
500000847,2000381568,25,2015-04-25,18,2015-05-09,,100000021,EUR,521.22,438,83.22,X,I,I
500000848,2000381569,1,2015-04-26,32,2015-05-10,,100000024,EUR,411.5,345.8,65.7,X,I,I
500000849,2000381570,17,2015-04-27,32,2015-05-11,,100000022,EUR,11379.97,9563,1816.97,C,P,D
500000850,2000381571,26,2015-04-28,8,2015-05-12,,100000012,EUR,26581.03,22337,4244.03,N,I,I
500000851,2000381572,29,2015-04-29,30,2015-05-13,,100000011,EUR,9417.66,7914,1503.66,C,P,D
500000852,2000381573,22,2015-04-30,2,2015-05-14,,100000015,EUR,5631.08,4732,899.08,P,P,I
500000853,2000381574,8,2015-05-01,9,2015-05-15,,100000013,EUR,1405.39,1181,224.39,X,I,I
500000854,2000381575,21,2015-05-02,29,2015-05-16,,100000013,EUR,761.24,639.7,121.54,C,P,D
500000855,2000381576,30,2015-05-03,2,2015-05-17,,100000014,EUR,101299.22,85125.4,16173.82,N,I,I
500000856,2000381577,10,2015-05-04,27,2015-05-18,,100000016,EUR,250.73,210.7,40.03,P,P,I
500000857,2000381578,33,2015-05-05,13,2015-05-19,,100000017,EUR,10549.35,8865,1684.35,P,I,I
500000858,2000381579,33,2015-05-06,25,2015-05-20,,100000018,EUR,195.16,164,31.16,C,P,D
500000859,2000381580,19,2015-05-07,7,2015-05-21,,100000012,EUR,3972.22,3338,634.22,C,P,D
500000860,2000381581,13,2015-05-08,21,2015-05-22,,100000011,EUR,3598.92,3024.3,574.62,P,P,D
500000861,2000381582,29,2015-05-09,7,2015-05-23,,100000017,EUR,325.94,273.9,52.04,C,P,D
500000862,2000381583,10,2015-05-10,10,2015-05-24,,100000015,EUR,24395,20500,3895,X,I,I
500000863,2000381584,4,2015-05-11,2,2015-05-25,,100000013,EUR,5527.55,4645,882.55,N,I,I
500000864,2000381585,18,2015-05-12,3,2015-05-26,,100000013,EUR,3459.33,2907,552.33,P,P,D
500000865,2000381586,23,2015-05-13,9,2015-05-27,,100000014,EUR,852.04,716,136.04,X,I,I
500000866,2000381587,30,2015-05-14,10,2015-05-28,,100000017,EUR,1916.5,1610.5,306,P,I,I
500000867,2000381588,25,2015-05-15,26,2015-05-29,,100000015,EUR,178.14,149.7,28.44,C,P,D
500000868,2000381589,33,2015-05-16,15,2015-05-30,,100000011,EUR,871.55,732.4,139.15,C,P,D
500000869,2000381590,4,2015-05-17,28,2015-05-31,,100000018,EUR,1028.15,864,164.15,C,P,D
500000870,2000381591,33,2015-05-18,15,2015-06-01,,100000012,EUR,5523.38,4641.5,881.88,X,I,I
500000871,2000381592,23,2015-05-19,14,2015-06-02,,100000011,EUR,187.54,157.6,29.94,X,I,I
500000872,2000381593,2,2015-05-20,14,2015-06-03,,100000013,EUR,521.22,438,83.22,X,I,I
500000873,2000381594,21,2015-05-21,15,2015-06-04,,100000014,EUR,411.5,345.8,65.7,X,I,I
500000874,2000381595,14,2015-05-22,1,2015-06-05,,100000015,EUR,11552.52,9708,1844.52,X,I,I
500000875,2000381596,22,2015-05-23,6,2015-06-06,,100000016,EUR,26581.03,22337,4244.03,X,I,I
500000876,2000381597,30,2015-05-24,3,2015-06-07,,100000016,EUR,9417.66,7914,1503.66,P,I,D
500000877,2000381598,17,2015-05-25,20,2015-06-08,,100000016,EUR,5631.08,4732,899.08,N,I,I
500000878,2000381599,3,2015-05-26,25,2015-06-09,,100000014,EUR,1405.39,1181,224.39,N,I,I
500000879,2000381600,24,2015-05-27,16,2015-06-10,,100000017,EUR,761.24,639.7,121.54,C,P,D
500000880,2000381601,10,2015-05-28,33,2015-06-11,,100000013,EUR,101299.22,85125.4,16173.82,P,I,D
500000881,2000381602,3,2015-05-29,9,2015-06-12,,100000017,EUR,250.73,210.7,40.03,C,P,D
500000882,2000381603,32,2015-05-30,7,2015-06-13,,100000013,EUR,10549.35,8865,1684.35,X,I,I
500000883,2000381604,5,2015-05-31,5,2015-06-14,,100000018,EUR,195.16,164,31.16,P,I,I
500000884,2000381605,5,2015-06-01,16,2015-06-15,,100000012,EUR,107100,90000,17100,X,I,I
500000885,2000381606,10,2015-06-02,14,2015-06-16,,100000011,EUR,4415.73,3710.7,705.03,C,P,D
500000886,2000381607,8,2015-06-03,17,2015-06-17,,100000016,EUR,325.94,273.9,52.04,P,P,D
500000887,2000381608,32,2015-06-04,28,2015-06-18,,100000015,EUR,24220.07,20353,3867.07,C,P,D
500000888,2000381609,12,2015-06-05,31,2015-06-19,,100000013,EUR,4499.87,3781.4,718.47,N,I,I
500000889,2000381610,20,2015-06-06,11,2015-06-20,,100000013,EUR,2727.24,2291.8,435.44,P,P,I
500000890,2000381611,1,2015-06-07,12,2015-06-21,,100000014,EUR,530.62,445.9,84.72,X,I,I
500000891,2000381612,2,2015-06-08,12,2015-06-22,,100000017,EUR,803.25,675,128.25,X,I,I
500000892,2000381613,31,2015-06-09,30,2015-06-23,,100000011,EUR,178.14,149.7,28.44,P,P,D
500000893,2000381614,21,2015-06-10,28,2015-06-24,,100000015,EUR,871.55,732.4,139.15,C,P,D
500000894,2000381615,32,2015-06-11,7,2015-06-25,,100000018,EUR,6543.8,5499,1044.8,P,P,D
500000895,2000381616,27,2015-06-12,13,2015-06-26,,100000012,EUR,113032.74,94985.5,18047.24,N,I,I
500000896,2000381617,23,2015-06-13,13,2015-06-27,,100000011,EUR,114.24,96,18.24,N,I,I
500000897,2000381618,2,2015-06-14,11,2015-06-28,,100000014,EUR,521.22,438,83.22,C,P,D
500000898,2000381619,8,2015-06-15,22,2015-06-29,,100000013,EUR,411.5,345.8,65.7,N,I,I
500000899,2000381620,32,2015-06-16,30,2015-06-30,,100000015,EUR,11379.97,9563,1816.97,C,P,D
500000900,2000381621,9,2015-06-17,8,2015-07-01,,100000028,EUR,26581.03,22337,4244.03,P,I,D
500000901,2000381622,19,2015-06-18,31,2015-07-02,,100000030,EUR,9417.66,7914,1503.66,N,I,I
500000902,2000381623,1,2015-06-19,10,2015-07-03,,100000031,EUR,5631.08,4732,899.08,N,I,I
500000903,2000381624,7,2015-06-20,33,2015-07-04,,100000032,EUR,1405.39,1181,224.39,N,I,I
500000904,2000381625,12,2015-06-21,5,2015-07-05,,100000032,EUR,761.24,639.7,121.54,X,I,I
500000905,2000381626,18,2015-06-22,28,2015-07-06,,100000033,EUR,101299.22,85125.4,16173.82,C,P,D
500000906,2000381627,15,2015-06-23,7,2015-07-07,,100000034,EUR,250.73,210.7,40.03,N,I,I
500000907,2000381628,14,2015-06-24,31,2015-07-08,,100000035,EUR,10549.35,8865,1684.35,P,P,D
500000908,2000381629,28,2015-06-25,7,2015-07-09,,100000027,EUR,195.16,164,31.16,N,I,I
500000909,2000381630,4,2015-06-26,23,2015-07-10,,100000028,EUR,3972.22,3338,634.22,N,I,I
500000910,2000381631,27,2015-06-27,14,2015-07-11,,100000030,EUR,3598.92,3024.3,574.62,N,I,I
500000911,2000381632,28,2015-06-28,4,2015-07-12,,100000035,EUR,325.94,273.9,52.04,P,I,I
500000912,2000381633,11,2015-06-29,25,2015-07-13,,100000031,EUR,24395,20500,3895,N,I,I
500000913,2000381634,32,2015-06-30,3,2015-07-14,,100000032,EUR,5527.55,4645,882.55,X,I,I
500000914,2000381635,17,2015-07-01,23,2015-07-15,,100000032,EUR,3459.33,2907,552.33,P,P,D
500000915,2000381636,25,2015-07-02,24,2015-07-16,,100000033,EUR,852.04,716,136.04,C,P,D
500000916,2000381637,9,2015-07-03,27,2015-07-17,,100000035,EUR,1916.5,1610.5,306,C,P,D
500000917,2000381638,2,2015-07-04,5,2015-07-18,,100000031,EUR,178.14,149.7,28.44,P,P,D
500000918,2000381639,28,2015-07-05,14,2015-07-19,,100000030,EUR,871.55,732.4,139.15,P,I,I
500000919,2000381640,27,2015-07-06,19,2015-07-20,,100000027,EUR,1028.15,864,164.15,C,P,D
500000920,2000381641,21,2015-07-07,33,2015-07-21,,100000028,EUR,5523.38,4641.5,881.88,X,I,I
500000921,2000381642,28,2015-07-08,12,2015-07-22,,100000030,EUR,187.54,157.6,29.94,X,I,I
500000922,2000381643,14,2015-07-09,4,2015-07-23,,100000032,EUR,521.22,438,83.22,N,I,I
500000923,2000381644,17,2015-07-10,14,2015-07-24,,100000033,EUR,411.5,345.8,65.7,P,I,D
500000924,2000381645,23,2015-07-11,6,2015-07-25,,100000031,EUR,11552.52,9708,1844.52,X,I,I
500000925,2000381646,7,2015-07-12,25,2015-07-26,,100000034,EUR,26581.03,22337,4244.03,C,P,D
500000926,2000381647,8,2015-07-13,30,2015-07-27,,100000034,EUR,9417.66,7914,1503.66,N,I,I
500000927,2000381648,3,2015-07-14,12,2015-07-28,,100000034,EUR,5631.08,4732,899.08,C,P,D
500000928,2000381649,10,2015-07-15,28,2015-07-29,,100000033,EUR,1405.39,1181,224.39,N,I,I
500000929,2000381650,26,2015-07-16,12,2015-07-30,,100000035,EUR,761.24,639.7,121.54,X,I,I
500000930,2000381651,9,2015-07-17,13,2015-07-31,,100000032,EUR,101299.22,85125.4,16173.82,C,P,D
500000931,2000381652,22,2015-07-18,28,2015-08-01,,100000035,EUR,250.73,210.7,40.03,C,P,D
500000932,2000381653,13,2015-07-19,5,2015-08-02,,100000032,EUR,10549.35,8865,1684.35,C,P,D
500000933,2000381654,3,2015-07-20,30,2015-08-03,,100000027,EUR,195.16,164,31.16,C,P,D
500000934,2000381655,16,2015-07-21,21,2015-08-04,,100000028,EUR,107100,90000,17100,P,P,I
500000935,2000381656,32,2015-07-22,19,2015-08-05,,100000030,EUR,4415.73,3710.7,705.03,X,I,I
500000936,2000381657,24,2015-07-23,12,2015-08-06,,100000034,EUR,325.94,273.9,52.04,N,I,I
500000937,2000381658,5,2015-07-24,25,2015-08-07,,100000031,EUR,24220.07,20353,3867.07,X,I,I
500000938,2000381659,14,2015-07-25,15,2015-08-08,,100000032,EUR,4499.87,3781.4,718.47,C,P,D
500000939,2000381660,2,2015-07-26,28,2015-08-09,,100000032,EUR,2727.24,2291.8,435.44,X,I,I
500000940,2000381661,31,2015-07-27,25,2015-08-10,,100000033,EUR,530.62,445.9,84.72,X,I,I
500000941,2000381662,1,2015-07-28,15,2015-08-11,,100000035,EUR,803.25,675,128.25,X,I,I
500000942,2000381663,21,2015-07-29,32,2015-08-12,,100000030,EUR,178.14,149.7,28.44,P,P,I
500000943,2000381664,26,2015-07-30,33,2015-08-13,,100000031,EUR,871.55,732.4,139.15,P,I,D
500000944,2000381665,18,2015-07-31,20,2015-08-14,,100000027,EUR,6543.8,5499,1044.8,C,P,D
500000945,2000381666,12,2015-08-01,15,2015-08-15,,100000028,EUR,113032.74,94985.5,18047.24,P,P,D
500000946,2000381667,22,2015-08-02,7,2015-08-16,,100000030,EUR,114.24,96,18.24,P,I,I
500000947,2000381668,31,2015-08-03,18,2015-08-17,,100000033,EUR,521.22,438,83.22,N,I,I
500000948,2000381669,4,2015-08-04,19,2015-08-18,,100000032,EUR,411.5,345.8,65.7,X,I,I
500000949,2000381670,20,2015-08-05,25,2015-08-19,,100000031,EUR,11379.97,9563,1816.97,C,P,D
500000950,2000381671,32,2015-08-06,17,2015-08-20,,100000044,EUR,26581.03,22337,4244.03,C,P,D
500000951,2000381672,29,2015-08-07,7,2015-08-21,,100000036,EUR,9417.66,7914,1503.66,X,I,I
500000952,2000381673,32,2015-08-08,27,2015-08-22,,100000038,EUR,5631.08,4732,899.08,X,I,I
500000953,2000381674,7,2015-08-09,7,2015-08-23,,100000037,EUR,1405.39,1181,224.39,P,P,I
500000954,2000381675,24,2015-08-10,32,2015-08-24,,100000037,EUR,761.24,639.7,121.54,N,I,I
500000955,2000381676,33,2015-08-11,14,2015-08-25,,100000042,EUR,101299.22,85125.4,16173.82,X,I,I
500000956,2000381677,8,2015-08-12,27,2015-08-26,,100000044,EUR,250.73,210.7,40.03,X,I,I
500000957,2000381678,8,2015-08-13,7,2015-08-27,,100000041,EUR,10549.35,8865,1684.35,C,P,D
500000958,2000381679,16,2015-08-14,14,2015-08-28,,100000043,EUR,195.16,164,31.16,C,P,D
500000959,2000381680,23,2015-08-15,24,2015-08-29,,100000044,EUR,3972.22,3338,634.22,P,I,D
500000960,2000381681,25,2015-08-16,11,2015-08-30,,100000036,EUR,3598.92,3024.3,574.62,P,I,D
500000961,2000381682,13,2015-08-17,17,2015-08-31,,100000041,EUR,325.94,273.9,52.04,N,I,I
500000962,2000381683,31,2015-08-18,7,2015-09-01,,100000038,EUR,24395,20500,3895,P,P,D
500000963,2000381684,9,2015-08-19,4,2015-09-02,,100000037,EUR,5527.55,4645,882.55,C,P,D
500000964,2000381685,15,2015-08-20,24,2015-09-03,,100000037,EUR,3459.33,2907,552.33,N,I,I
500000965,2000381686,20,2015-08-21,25,2015-09-04,,100000042,EUR,852.04,716,136.04,C,P,D
500000966,2000381687,28,2015-08-22,28,2015-09-05,,100000041,EUR,1916.5,1610.5,306,P,I,I
500000967,2000381688,22,2015-08-23,23,2015-09-06,,100000038,EUR,178.14,149.7,28.44,C,P,D
500000968,2000381689,22,2015-08-24,6,2015-09-07,,100000036,EUR,871.55,732.4,139.15,X,I,I
500000969,2000381690,29,2015-08-25,17,2015-09-08,,100000043,EUR,1028.15,864,164.15,N,I,I
500000970,2000381691,31,2015-08-26,8,2015-09-09,,100000044,EUR,5523.38,4641.5,881.88,N,I,I
500000971,2000381692,3,2015-08-27,5,2015-09-10,,100000036,EUR,187.54,157.6,29.94,X,I,I
500000972,2000381693,32,2015-08-28,22,2015-09-11,,100000037,EUR,521.22,438,83.22,P,P,I
500000973,2000381694,17,2015-08-29,29,2015-09-12,,100000042,EUR,411.5,345.8,65.7,N,I,I
500000974,2000381695,21,2015-08-30,28,2015-09-13,,100000038,EUR,11552.52,9708,1844.52,N,I,I
500000975,2000381696,31,2015-08-31,5,2015-09-14,,100000044,EUR,26581.03,22337,4244.03,P,I,D
500000976,2000381697,10,2015-09-01,17,2015-09-15,,100000044,EUR,9417.66,7914,1503.66,C,P,D
500000977,2000381698,16,2015-09-02,23,2015-09-16,,100000044,EUR,5631.08,4732,899.08,P,P,D
500000978,2000381699,7,2015-09-03,8,2015-09-17,,100000042,EUR,1405.39,1181,224.39,C,P,D
500000979,2000381700,10,2015-09-04,20,2015-09-18,,100000041,EUR,761.24,639.7,121.54,P,P,I
500000980,2000381701,1,2015-09-05,10,2015-09-19,,100000037,EUR,101299.22,85125.4,16173.82,P,I,I
500000981,2000381702,30,2015-09-06,11,2015-09-20,,100000041,EUR,250.73,210.7,40.03,X,I,I
500000982,2000381703,9,2015-09-07,2,2015-09-21,,100000037,EUR,10549.35,8865,1684.35,X,I,I
500000983,2000381704,10,2015-09-08,8,2015-09-22,,100000043,EUR,195.16,164,31.16,X,I,I
500000984,2000381705,26,2015-09-09,21,2015-09-23,,100000044,EUR,107100,90000,17100,X,I,I
500000985,2000381706,22,2015-09-10,32,2015-09-24,,100000036,EUR,4415.73,3710.7,705.03,N,I,I
500000986,2000381707,5,2015-09-11,30,2015-09-25,,100000044,EUR,325.94,273.9,52.04,N,I,I
500000987,2000381708,16,2015-09-12,6,2015-09-26,,100000038,EUR,24220.07,20353,3867.07,C,P,D
500000988,2000381709,4,2015-09-13,30,2015-09-27,,100000037,EUR,4499.87,3781.4,718.47,N,I,I
500000989,2000381710,6,2015-09-14,5,2015-09-28,,100000037,EUR,2727.24,2291.8,435.44,C,P,D
500000990,2000381711,5,2015-09-15,32,2015-09-29,,100000042,EUR,530.62,445.9,84.72,N,I,I
500000991,2000381712,10,2015-09-16,21,2015-09-30,,100000041,EUR,803.25,675,128.25,X,I,I
500000992,2000381713,17,2015-09-17,30,2015-10-01,,100000036,EUR,178.14,149.7,28.44,N,I,I
500000993,2000381714,1,2015-09-18,4,2015-10-02,,100000038,EUR,871.55,732.4,139.15,P,I,D
500000994,2000381715,26,2015-09-19,4,2015-10-03,,100000043,EUR,6543.8,5499,1044.8,P,P,D
500000995,2000381716,8,2015-09-20,11,2015-10-04,,100000044,EUR,113032.74,94985.5,18047.24,X,I,I
500000996,2000381717,5,2015-09-21,33,2015-10-05,,100000036,EUR,114.24,96,18.24,P,I,D
500000997,2000381718,17,2015-09-22,7,2015-10-06,,100000042,EUR,521.22,438,83.22,P,I,I
500000998,2000381719,7,2015-09-23,3,2015-10-07,,100000037,EUR,411.5,345.8,65.7,P,I,D
500000999,2000381720,12,2015-09-24,33,2015-10-08,,100000038,EUR,11379.97,9563,1816.97,N,I,I
500001000,2000381721,5,2014-09-06,15,2014-09-20,,100000041,EUR,250.73,210.7,40.03,X,I,I
500001001,2000381722,24,2014-09-07,19,2014-09-21,,100000037,EUR,10549.35,8865,1684.35,X,I,I
500001002,2000381723,5,2014-09-08,27,2014-09-22,,100000043,EUR,195.16,164,31.16,X,I,I
500001003,2000381724,24,2014-09-09,33,2014-09-23,,100000044,EUR,107100,90000,17100,X,I,I
500001004,2000381725,2,2014-09-10,19,2014-09-24,,100000036,EUR,4415.73,3710.7,705.03,N,I,I
500001005,2000381726,22,2014-09-11,5,2014-09-25,,100000044,EUR,325.94,273.9,52.04,N,I,I
500001006,2000381727,14,2014-09-12,16,2014-09-26,,100000038,EUR,24220.07,20353,3867.07,C,P,D
500001007,2000381728,10,2014-09-13,23,2014-09-27,,100000037,EUR,4499.87,3781.4,718.47,N,I,I
500001008,2000381729,8,2014-09-14,4,2014-09-28,,100000037,EUR,2727.24,2291.8,435.44,C,P,D
500001009,2000381730,8,2014-09-15,14,2014-09-29,,100000042,EUR,530.62,445.9,84.72,N,I,I
500001010,2000381731,23,2014-09-15,7,2014-09-29,,100000042,EUR,530.62,445.9,84.72,N,I,I
500001011,2000381732,19,2014-09-15,6,2014-09-29,,100000042,EUR,530.62,445.9,84.72,N,I,I
500001012,2000381733,33,2014-09-15,9,2014-09-29,,100000042,EUR,530.62,445.9,84.72,N,I,I
500001013,2000381734,22,2014-09-11,18,2014-09-25,,100000044,EUR,325.94,273.9,52.04,N,I,I
500001014,2000381735,32,2014-09-11,33,2014-09-25,,100000044,EUR,325.94,273.9,52.04,N,I,I
500001015,2000381736,17,2014-09-11,14,2014-09-25,,100000044,EUR,325.94,273.9,52.04,N,I,I
500001016,2000381737,19,2014-09-11,10,2014-09-25,,100000044,EUR,325.94,273.9,52.04,N,I,I
500001017,2000381738,19,2014-09-11,1,2014-09-25,,100000044,EUR,325.94,273.9,52.04,N,I,I
500001018,2000381739,32,2014-09-11,6,2014-09-25,,100000044,EUR,325.94,273.9,52.04,N,I,I
500001019,2000381740,22,2014-09-11,13,2014-09-25,,100000044,EUR,325.94,273.9,52.04,N,I,I
500001020,2000381741,29,2014-09-11,1,2014-09-25,,100000044,EUR,325.94,273.9,52.04,N,I,I
500001021,2000381742,30,2014-09-11,13,2014-09-25,,100000044,EUR,325.94,273.9,52.04,N,I,I
500001022,2000381743,21,2014-09-11,24,2014-09-25,,100000044,EUR,325.94,273.9,52.04,N,I,I
500001023,2000381744,27,2014-09-11,19,2014-09-25,,100000044,EUR,325.94,273.9,52.04,N,I,I
500001024,2000381745,9,2014-09-11,26,2014-09-25,,100000044,EUR,325.94,273.9,52.04,N,I,I
500001025,2000381746,8,2014-09-11,12,2014-09-25,,100000044,EUR,325.94,273.9,52.04,N,I,I
500001026,2000381747,24,2014-09-11,14,2014-09-25,,100000044,EUR,325.94,273.9,52.04,N,I,I
500001027,2000381748,20,2014-09-11,4,2014-09-25,,100000044,EUR,325.94,273.9,52.04,N,I,I
500001028,2000381749,26,2014-09-11,6,2014-09-25,,100000044,EUR,325.94,273.9,52.04,N,I,I
